has_know_more_link,phase2_ready,state,state_id,district,district_id,extraction_date,udise_code,school_name,know_more_link,email,operational_status,school_category,school_management,school_type,school_location,address,pin_code
True,True,ANDAMAN & NICOBAR ISLANDS,135,MIDDLE AND NORTH ANDAMANS,4503,2025-08-07T00:16:17.356360,N/A,"ANANDA MARGA, BHATHUBASTHI",https://kys.udiseplus.gov.in/#/schooldetail/5300372/12,ampsbhatubasti11@gmail.com,N/A,1-Primary,5-Private Unaided (Recognized),3-Co-educational,2-Urban,"Bhatu Basti , Port Blair, South Andaman",744105
True,True,ANDAMAN & NICOBAR ISLANDS,135,MIDDLE AND NORTH ANDAMANS,4503,2025-08-07T00:16:17.398684,N/A,"ANANDA MARGA, CHOULDARI",https://kys.udiseplus.gov.in/#/schooldetail/5300339/12,N/A,N/A,1-Primary,5-Private Unaided (Recognized),3-Co-educational,1-Rural,"Nimbu Bagicha, chouldari, Port Blair, South Andaman",744103
True,True,ANDAMAN & NICOBAR ISLANDS,135,MIDDLE AND NORTH ANDAMANS,4503,2025-08-07T00:16:17.440981,N/A,ANANDA MARGA MIDDLE SCHOOL JUNGLIGHAT,https://kys.udiseplus.gov.in/#/schooldetail/5300379/12,anandamargaschool1966@gmail.com,N/A,6-Pr. Up Pr. and Secondary Only,5-Private Unaided (Recognized),3-Co-educational,2-Urban,"Anandamarga Road, Junglighat, Port Blair South Andaman",744103
True,True,ANDAMAN & NICOBAR ISLANDS,135,MIDDLE AND NORTH ANDAMANS,4503,2025-08-07T00:16:17.486988,N/A,ANANDA MARGA PRIMARY SCHOOL,https://kys.udiseplus.gov.in/#/schooldetail/5300308/12,N/A,N/A,1-Primary,5-Private Unaided (Recognized),3-Co-educational,1-Rural,ANANDA MARGA PRIMARY SCHOOL MANGLUTAN,744103
True,True,ANDAMAN & NICOBAR ISLANDS,135,MIDDLE AND NORTH ANDAMANS,4503,2025-08-07T00:16:17.530933,N/A,ANANDA MARGA SCHOOL,https://kys.udiseplus.gov.in/#/schooldetail/5300352/12,anandamargaschool0212@gmail.com,N/A,1-Primary,5-Private Unaided (Recognized),3-Co-educational,1-Rural,"Ram Krishna Pur, Little Andaman",744207
True,True,ANDAMAN & NICOBAR ISLANDS,135,MIDDLE AND NORTH ANDAMANS,4503,2025-08-07T00:16:17.596910,N/A,ARMY PUBLIC SCHOOL,https://kys.udiseplus.gov.in/#/schooldetail/5300320/12,apsbrichgunj@awesindia.edu.in,N/A,2-Primary with Upper Primary,5-Private Unaided (Recognized),3-Co-educational,2-Urban,"Mil Stn HQ, Brichgunj",744103
True,True,ANDAMAN & NICOBAR ISLANDS,135,MIDDLE AND NORTH ANDAMANS,4503,2025-08-07T00:16:17.641525,N/A,BEHRUL-ULOOM MODERN,https://kys.udiseplus.gov.in/#/schooldetail/5300322/12,baharululoommodernschool@gmail.com,N/A,1-Primary,5-Private Unaided (Recognized),3-Co-educational,1-Rural,BAHARUL ULOOM MODERN SCHOOL English Medium,744105
True,True,ANDAMAN & NICOBAR ISLANDS,135,MIDDLE AND NORTH ANDAMANS,4503,2025-08-07T00:16:17.685849,N/A,CARMEL SENIOR SECONDARY SCHOOL,https://kys.udiseplus.gov.in/#/schooldetail/5300393/12,carmelportblair682@gmail.com,N/A,3-Pr. with Up.Pr. Sec. and H.Sec.,5-Private Unaided (Recognized),3-Co-educational,2-Urban,"Phoenix Bay,Haddo Post",744101
True,True,ANDAMAN & NICOBAR ISLANDS,135,MIDDLE AND NORTH ANDAMANS,4503,2025-08-07T00:16:17.731049,N/A,CRESCENT PUBLIC SCHOOL,https://kys.udiseplus.gov.in/#/schooldetail/5300075/12,cpsandaman@gmail.com,N/A,3-Pr. with Up.Pr. Sec. and H.Sec.,5-Private Unaided (Recognized),3-Co-educational,1-Rural,"WIMBERLY GUNJ PO, SOUTH ANDAMAN - 744206",744206
True,True,ANDAMAN & NICOBAR ISLANDS,135,MIDDLE AND NORTH ANDAMANS,4503,2025-08-07T00:16:17.775170,N/A,DAR AL ARQAM  PUBLIC SCHOOL,https://kys.udiseplus.gov.in/#/schooldetail/5300429/12,dapsandaman111@gmail.com,N/A,1-Primary,5-Private Unaided (Recognized),3-Co-educational,1-Rural,STEWART GUNJ SOUTH ANDAMAN -PIN 744107,744107
True,True,ANDAMAN & NICOBAR ISLANDS,135,MIDDLE AND NORTH ANDAMANS,4503,2025-08-07T00:16:17.820531,N/A,DEEPAK NURSERY SCHOOL,https://kys.udiseplus.gov.in/#/schooldetail/5300381/12,deepaknurseryschool2020@gmail.com,N/A,1-Primary,5-Private Unaided (Recognized),3-Co-educational,2-Urban,DEEPAK NURSERY SCHOOL JUNGLIGHAT,744103
True,True,ANDAMAN & NICOBAR ISLANDS,135,MIDDLE AND NORTH ANDAMANS,4503,2025-08-07T00:16:17.865618,N/A,DEEPAK NURSERY SCHOOL,https://kys.udiseplus.gov.in/#/schooldetail/5300079/12,N/A,N/A,1-Primary,5-Private Unaided (Recognized),3-Co-educational,9-NA,NA,744206
True,True,ANDAMAN & NICOBAR ISLANDS,135,MIDDLE AND NORTH ANDAMANS,4503,2025-08-07T00:16:17.906822,N/A,DON BOSCO SCHOOL,https://kys.udiseplus.gov.in/#/schooldetail/5300050/12,dbsandaman@gmail.com,N/A,3-Pr. with Up.Pr. Sec. and H.Sec.,5-Private Unaided (Recognized),3-Co-educational,1-Rural,"Don Bosco School, Lalpahar, Chouldari, South Andaman - 744103",744103
True,True,ANDAMAN & NICOBAR ISLANDS,135,MIDDLE AND NORTH ANDAMANS,4503,2025-08-07T00:16:17.954156,N/A,DWEEP PUNJ S V,https://kys.udiseplus.gov.in/#/schooldetail/5300371/12,dpsvgaracharma@gmail.com,N/A,1-Primary,5-Private Unaided (Recognized),3-Co-educational,2-Urban,"Garacharma, Port Blair, South Andaman",744105
True,True,ANDAMAN & NICOBAR ISLANDS,135,MIDDLE AND NORTH ANDAMANS,4503,2025-08-07T00:16:17.999625,N/A,GOVT BOYS SENIOR SECONDARY SCHOOL MIDDLE POINT,https://kys.udiseplus.gov.in/#/schooldetail/5300392/12,gbsssprincipal@gmail.com,N/A,10-Secondary with Higher Secondary,1-Department of Education,3-Co-educational,2-Urban,"GBSSS, MIDDLE POINT, PORT BLAIR",744101
True,True,ANDAMAN & NICOBAR ISLANDS,135,MIDDLE AND NORTH ANDAMANS,4503,2025-08-07T00:16:18.057762,N/A,GOVT GIRLS SENIOR SECONDARY SCHOOL,https://kys.udiseplus.gov.in/#/schooldetail/5300400/12,ggsssportblair@gmail.com,N/A,3-Pr. with Up.Pr. Sec. and H.Sec.,1-Department of Education,2-Girls,2-Urban,opposite JNRM COLLEGE,744104
True,True,ANDAMAN & NICOBAR ISLANDS,135,MIDDLE AND NORTH ANDAMANS,4503,2025-08-07T00:16:18.102007,N/A,GOVT MIDDLE SCHOOL ABERDEEN (HINDI),https://kys.udiseplus.gov.in/#/schooldetail/5300387/12,gmsaberdeenhindi@gmail.com,N/A,2-Primary with Upper Primary,1-Department of Education,3-Co-educational,2-Urban,GMS ABERDEEN Gurudwara line Port Blair,744101
True,True,ANDAMAN & NICOBAR ISLANDS,135,MIDDLE AND NORTH ANDAMANS,4503,2025-08-07T00:16:18.166442,N/A,GOVT MIDDLE SCHOOL BAMBOOFLAT,https://kys.udiseplus.gov.in/#/schooldetail/5300087/12,gmsbf1948@gmail.com,N/A,2-Primary with Upper Primary,1-Department of Education,3-Co-educational,1-Rural,"Tapubasti , Bambooflat",744107
True,True,ANDAMAN & NICOBAR ISLANDS,135,MIDDLE AND NORTH ANDAMANS,4503,2025-08-07T00:16:18.213860,N/A,GOVT MIDDLE SCHOOL BEODNABAD,https://kys.udiseplus.gov.in/#/schooldetail/5300311/12,gmsbeodnabad@gmail.com,N/A,2-Primary with Upper Primary,1-Department of Education,3-Co-educational,1-Rural,"BEODNABAD,PORT BLAIR",744105
True,True,ANDAMAN & NICOBAR ISLANDS,135,MIDDLE AND NORTH ANDAMANS,4503,2025-08-07T00:16:18.258190,N/A,GOVT MIDDLE SCHOOL BRICHGUNJ,https://kys.udiseplus.gov.in/#/schooldetail/5300365/12,gmsbrichgunj1957@gmail.com,N/A,2-Primary with Upper Primary,1-Department of Education,3-Co-educational,2-Urban,BRICHGUNJ SOUTH ANDAMAN,744103
True,True,ANDAMAN & NICOBAR ISLANDS,135,MIDDLE AND NORTH ANDAMANS,4503,2025-08-07T00:16:18.303486,N/A,GOVT MIDDLE SCHOOL CARBYNS COVE,https://kys.udiseplus.gov.in/#/schooldetail/5300410/12,gmscarbynscove@gmail.com,N/A,2-Primary with Upper Primary,1-Department of Education,3-Co-educational,2-Urban,BROOKSHABAD SOUTH ANDAMAN,744112
True,True,ANDAMAN & NICOBAR ISLANDS,135,MIDDLE AND NORTH ANDAMANS,4503,2025-08-07T00:16:18.348982,N/A,GOVT MIDDLE SCHOOL CHOULDARI,https://kys.udiseplus.gov.in/#/schooldetail/5300337/12,gmschouldari2021@gmail.com,N/A,2-Primary with Upper Primary,1-Department of Education,3-Co-educational,1-Rural,GMS Chouldari South Andaman Port Blair,744103
True,True,ANDAMAN & NICOBAR ISLANDS,135,MIDDLE AND NORTH ANDAMANS,4503,2025-08-07T00:16:18.399314,N/A,GOVT MIDDLE SCHOOL DOLLY GUNJ,https://kys.udiseplus.gov.in/#/schooldetail/5300367/12,gmsdollygunj2@gmail.com,N/A,2-Primary with Upper Primary,1-Department of Education,3-Co-educational,2-Urban,dollygunj port blair,744103
True,True,ANDAMAN & NICOBAR ISLANDS,135,MIDDLE AND NORTH ANDAMANS,4503,2025-08-07T00:16:18.445657,N/A,GOVT MIDDLE SCHOOL  DUGNABAD,https://kys.udiseplus.gov.in/#/schooldetail/5300403/12,gmsdugnabad2020@gmail.com,N/A,2-Primary with Upper Primary,1-Department of Education,3-Co-educational,2-Urban,DUGNABAD SOUTH ANDAMAN,744104
True,True,ANDAMAN & NICOBAR ISLANDS,135,MIDDLE AND NORTH ANDAMANS,4503,2025-08-07T00:16:18.488926,N/A,GOVT MIDDLE SCHOOL GUPTA PARA,https://kys.udiseplus.gov.in/#/schooldetail/5300306/12,gmsguptapara2020@gmail.com,N/A,2-Primary with Upper Primary,1-Department of Education,3-Co-educational,1-Rural,"Guptapara ,Suth andaman, 744103",744103
True,True,ANDAMAN & NICOBAR ISLANDS,135,MIDDLE AND NORTH ANDAMANS,4503,2025-08-07T00:16:18.533598,N/A,GOVT MIDDLE SCHOOL HUMPHRIGUNJ,https://kys.udiseplus.gov.in/#/schooldetail/5300299/12,humfrygunjgms@gmail.com,N/A,2-Primary with Upper Primary,1-Department of Education,3-Co-educational,1-Rural,"Humphrygunj, South Andaman",744105
True,True,ANDAMAN & NICOBAR ISLANDS,135,MIDDLE AND NORTH ANDAMANS,4503,2025-08-07T00:16:18.581821,N/A,GOVT MIDDLE SCHOOL KALA PATHAR (H/L),https://kys.udiseplus.gov.in/#/schooldetail/5300330/12,gmskalapather@gmail.com,N/A,2-Primary with Upper Primary,1-Department of Education,3-Co-educational,1-Rural,"GMS, Kalapathar, Swarajdweep",744211
True,True,ANDAMAN & NICOBAR ISLANDS,135,MIDDLE AND NORTH ANDAMANS,4503,2025-08-07T00:16:18.625454,N/A,GOVT MIDDLE SCHOOL KANYAPURAM,https://kys.udiseplus.gov.in/#/schooldetail/5300348/12,headmastermskanyapuram@gmail.com,N/A,2-Primary with Upper Primary,1-Department of Education,3-Co-educational,1-Rural,GOVT MIDDLE SCHOOL KANYAPURAM WIMBERLYGUNJ PO SOUTH ANDAMAN A AND N ISLANDS PIN 744206,744206
True,True,ANDAMAN & NICOBAR ISLANDS,135,MIDDLE AND NORTH ANDAMANS,4503,2025-08-07T00:16:18.668726,N/A,GOVT MIDDLE SCHOOL KRISHNA NAGAR -6,https://kys.udiseplus.gov.in/#/schooldetail/5300331/12,gmskrishnanagar1961@gmail.com,N/A,2-Primary with Upper Primary,1-Department of Education,3-Co-educational,1-Rural,"Krishna Nagar-6, Swaraj Dweep, Pin-744211",744211
True,True,ANDAMAN & NICOBAR ISLANDS,135,MIDDLE AND NORTH ANDAMANS,4503,2025-08-07T00:16:18.725113,N/A,GOVT MIDDLE SCHOOL LALTHA SINGH GROUND,https://kys.udiseplus.gov.in/#/schooldetail/5300386/12,gmshaddotelugu@gmail.com,N/A,2-Primary with Upper Primary,1-Department of Education,3-Co-educational,2-Urban,"Near Post Office, Haddo Ward no.1, Port Blair.",744102
True,True,ANDAMAN & NICOBAR ISLANDS,135,MIDDLE AND NORTH ANDAMANS,4503,2025-08-07T00:16:18.776839,N/A,GOVT MIDDLE SCHOOL MANGLUTAN,https://kys.udiseplus.gov.in/#/schooldetail/5300304/12,gmsmanglutan1952@gmail.com,N/A,2-Primary with Upper Primary,1-Department of Education,3-Co-educational,1-Rural,"MANGLUTAN, SOUTH ANDAMAN",744103
True,True,ANDAMAN & NICOBAR ISLANDS,135,MIDDLE AND NORTH ANDAMANS,4503,2025-08-07T00:16:18.819652,N/A,GOVT MIDDLE SCHOOL MARIAMMAN TEMPLE,https://kys.udiseplus.gov.in/#/schooldetail/5300368/12,gmsmtemple@gmail.com,N/A,2-Primary with Upper Primary,1-Department of Education,3-Co-educational,2-Urban,"GMS MARIAMMAN TEMPLE, AUSTINABAD, BRICHGUNJ P.O",744103
True,True,ANDAMAN & NICOBAR ISLANDS,135,MIDDLE AND NORTH ANDAMANS,4503,2025-08-07T00:16:18.863436,N/A,GOVT MIDDLE SCHOOL NEIL ISLAND-5,https://kys.udiseplus.gov.in/#/schooldetail/5300343/12,gmsshaheeddweep@gmail.com,N/A,2-Primary with Upper Primary,1-Department of Education,3-Co-educational,1-Rural,"S/ Andaman, Andaman and Nicobar Islands",744104
True,True,ANDAMAN & NICOBAR ISLANDS,135,MIDDLE AND NORTH ANDAMANS,4503,2025-08-07T00:16:18.906479,N/A,GOVT MIDDLE SCHOOL NETAJI NAGAR,https://kys.udiseplus.gov.in/#/schooldetail/5300355/12,gmsnetajinagarla@gmail.com,N/A,2-Primary with Upper Primary,1-Department of Education,3-Co-educational,1-Rural,"Netaji Nagar, Little Andaman",744207
True,True,ANDAMAN & NICOBAR ISLANDS,135,MIDDLE AND NORTH ANDAMANS,4503,2025-08-07T00:16:18.953009,N/A,GOVT MIDDLE SCHOOL NEW BIMBLITAN,https://kys.udiseplus.gov.in/#/schooldetail/5300325/12,gmsnewbimblitan@gmail.com,N/A,2-Primary with Upper Primary,1-Department of Education,3-Co-educational,1-Rural,NEW BIMBLITAN CALICUT POST SOUTH ANDAMAN,744105
True,True,ANDAMAN & NICOBAR ISLANDS,135,MIDDLE AND NORTH ANDAMANS,4503,2025-08-07T00:16:18.996876,N/A,GOVT MIDDLE SCHOOL OGRABRAJ,https://kys.udiseplus.gov.in/#/schooldetail/5300111/12,ograbrajschool@gmail.com,N/A,2-Primary with Upper Primary,1-Department of Education,3-Co-educational,1-Rural,GOVT MIDDLE SCHOOL OGRABRAJ,744103
True,True,ANDAMAN & NICOBAR ISLANDS,135,MIDDLE AND NORTH ANDAMANS,4503,2025-08-07T00:16:19.041293,N/A,GOVT MIDDLE SCHOOL RABINDRA NAGAR,https://kys.udiseplus.gov.in/#/schooldetail/5300354/12,gmsrabindranagar@gmail.com,N/A,2-Primary with Upper Primary,1-Department of Education,3-Co-educational,1-Rural,"Rabindra Nagar, Little Andaman",744207
True,True,ANDAMAN & NICOBAR ISLANDS,135,MIDDLE AND NORTH ANDAMANS,4503,2025-08-07T00:16:19.084288,N/A,GOVT MIDDLE SCHOOL STRAIT ISLAND,https://kys.udiseplus.gov.in/#/schooldetail/5300342/12,gmsstraitisland@gmail.com,N/A,2-Primary with Upper Primary,1-Department of Education,3-Co-educational,1-Rural,"STRAIT ISLAND, SOUTH ANDAMAN, PIN-744211",744211
True,True,ANDAMAN & NICOBAR ISLANDS,135,MIDDLE AND NORTH ANDAMANS,4503,2025-08-07T00:16:19.131199,N/A,GOVT MIDDLE SCHOOL WANDOOR,https://kys.udiseplus.gov.in/#/schooldetail/5300301/12,gmswandoor@gmail.com,N/A,2-Primary with Upper Primary,1-Department of Education,3-Co-educational,1-Rural,"wandoor, P.O. manglutan,south andaman",744103
True,True,ANDAMAN & NICOBAR ISLANDS,135,MIDDLE AND NORTH ANDAMANS,4503,2025-08-07T00:16:19.173922,N/A,GOVT MIDDLE SCHOOL WRIHT MYO,https://kys.udiseplus.gov.in/#/schooldetail/5300074/12,gmswrightmyo@gmail.com,N/A,2-Primary with Upper Primary,1-Department of Education,3-Co-educational,1-Rural,GOVT MIDDLE SCHOOL WRIGHTMYO,744206
True,True,ANDAMAN & NICOBAR ISLANDS,135,MIDDLE AND NORTH ANDAMANS,4503,2025-08-07T00:16:19.221810,N/A,GOVT. MODEL SENIOR SECONDARY SCHOOL FERRARGUNJ,https://kys.udiseplus.gov.in/#/schooldetail/5300097/12,msssfgschool@yahoo.com,N/A,3-Pr. with Up.Pr. Sec. and H.Sec.,1-Department of Education,3-Co-educational,1-Rural,"FERRARGUNJ ,SOUTH ANDAMAN",744206
True,True,ANDAMAN & NICOBAR ISLANDS,135,MIDDLE AND NORTH ANDAMANS,4503,2025-08-07T00:16:19.279903,N/A,GOVT PRIMARY SCHOOL  ANIKET,https://kys.udiseplus.gov.in/#/schooldetail/5300099/12,GPSANIKET19@gmail.com,N/A,1-Primary,1-Department of Education,3-Co-educational,1-Rural,"Aniket, Ferrargunj,S/Andaman",744206
True,True,ANDAMAN & NICOBAR ISLANDS,135,MIDDLE AND NORTH ANDAMANS,4503,2025-08-07T00:16:19.330400,N/A,GOVT PRIMARY SCHOOL ANNA NAGAR,https://kys.udiseplus.gov.in/#/schooldetail/5300357/12,gpsannanagarla6@gmail.com,N/A,1-Primary,1-Department of Education,3-Co-educational,1-Rural,"Hut Bay, Little Andaman",744207
True,True,ANDAMAN & NICOBAR ISLANDS,135,MIDDLE AND NORTH ANDAMANS,4503,2025-08-07T00:16:19.373455,N/A,GOVT  PRIMARY SCHOOL ATTAM PAHAD,https://kys.udiseplus.gov.in/#/schooldetail/5300377/12,gpsapahar@gmail.com,N/A,1-Primary,1-Department of Education,3-Co-educational,2-Urban,GOVT PRIMARY SCHOOL ATTAMPAHAR M PAHAR,744103
True,True,ANDAMAN & NICOBAR ISLANDS,135,MIDDLE AND NORTH ANDAMANS,4503,2025-08-07T00:16:19.420339,N/A,GOVT PRIMARY SCHOOL BADMASHPAHAR,https://kys.udiseplus.gov.in/#/schooldetail/5300340/12,gpsbadmashpahad2011@gmail.com,N/A,1-Primary,1-Department of Education,3-Co-educational,1-Rural,VILL AND P O CHOULDARI S/ANDAMAN,744103
True,True,ANDAMAN & NICOBAR ISLANDS,135,MIDDLE AND NORTH ANDAMANS,4503,2025-08-07T00:16:19.464820,N/A,GOVT PRIMARY SCHOOL BAMBOO NALLAH,https://kys.udiseplus.gov.in/#/schooldetail/5300315/12,N/A,N/A,1-Primary,1-Department of Education,3-Co-educational,1-Rural,GOVT PRIMARY SCHOOL BAMBOO NALLAH,NA
True,True,ANDAMAN & NICOBAR ISLANDS,135,MIDDLE AND NORTH ANDAMANS,4503,2025-08-07T00:16:19.509598,N/A,GOVT PRIMARY SCHOOL BIMBLITAN,https://kys.udiseplus.gov.in/#/schooldetail/5300326/12,gpsbimblitan1@gmail.com,N/A,1-Primary,1-Department of Education,3-Co-educational,1-Rural,BIMBLITAN SIPPIGHAT PANCHAYAT,744105
True,True,ANDAMAN & NICOBAR ISLANDS,135,MIDDLE AND NORTH ANDAMANS,4503,2025-08-07T00:16:19.552164,N/A,GOVT PRIMARY SCHOOL BLOOMS DALE,https://kys.udiseplus.gov.in/#/schooldetail/5300338/12,gpsbloomsdale1@gmail.com,N/A,1-Primary,1-Department of Education,3-Co-educational,1-Rural,GPS BLOOMSDALE CHOULDARI,744103
True,True,ANDAMAN & NICOBAR ISLANDS,135,MIDDLE AND NORTH ANDAMANS,4503,2025-08-07T00:16:19.594716,N/A,GOVT PRIMARY SCHOOL BREAK WATER,https://kys.udiseplus.gov.in/#/schooldetail/5300121/12,gpsbreakwaterla@gmail.com,N/A,1-Primary,1-Department of Education,3-Co-educational,1-Rural,"Hut Bay, Little Andaman",744207
True,True,ANDAMAN & NICOBAR ISLANDS,135,MIDDLE AND NORTH ANDAMANS,4503,2025-08-07T00:16:19.637117,N/A,GOVT PRIMARY SCHOOL CADDLE GUNJ,https://kys.udiseplus.gov.in/#/schooldetail/5300100/12,gpscgunj@gmail.com,N/A,1-Primary,1-Department of Education,3-Co-educational,1-Rural,caddlegunj portblair,744206
True,True,ANDAMAN & NICOBAR ISLANDS,135,MIDDLE AND NORTH ANDAMANS,4503,2025-08-07T00:16:19.684888,N/A,GOVT PRIMARY SCHOOL CHIDIYATAPPU,https://kys.udiseplus.gov.in/#/schooldetail/5300313/12,gpschidiyatapu@gmail.com,N/A,1-Primary,1-Department of Education,3-Co-educational,1-Rural,"CHIDIYATAPU,SOUTH ANDAMAN",744105
True,True,ANDAMAN & NICOBAR ISLANDS,135,MIDDLE AND NORTH ANDAMANS,4503,2025-08-07T00:16:19.730382,N/A,GOVT PRIMARY SCHOOL CHUNNA BHATTA,https://kys.udiseplus.gov.in/#/schooldetail/5300093/12,gpschunnabhatta@gmail.com,N/A,1-Primary,1-Department of Education,3-Co-educational,1-Rural,Govt primary school chunna bhatta,744107
True,True,ANDAMAN & NICOBAR ISLANDS,135,MIDDLE AND NORTH ANDAMANS,4503,2025-08-07T00:16:19.776853,N/A,GOVT PRIMARY SCHOOL COLLINPUR,https://kys.udiseplus.gov.in/#/schooldetail/5300106/12,gpscpur@gmail.com,N/A,1-Primary,1-Department of Education,3-Co-educational,1-Rural,government primary school herbertabad port blair,744102
True,True,ANDAMAN & NICOBAR ISLANDS,135,MIDDLE AND NORTH ANDAMANS,4503,2025-08-07T00:16:19.839419,N/A,GOVT PRIMARY SCHOOL CYLON BASTHI,https://kys.udiseplus.gov.in/#/schooldetail/5300358/12,gpscylonebasthi@gmail.com,N/A,1-Primary,1-Department of Education,3-Co-educational,1-Rural,"Hut Bay, Little Andaman",744207
True,True,ANDAMAN & NICOBAR ISLANDS,135,MIDDLE AND NORTH ANDAMANS,4503,2025-08-07T00:16:19.883001,N/A,GOVT PRIMARY SCHOOL DUNDUSPOINT,https://kys.udiseplus.gov.in/#/schooldetail/5300116/12,gpsdundaspoint@gmail.com,N/A,1-Primary,1-Department of Education,3-Co-educational,1-Rural,DUNDAS POINT SOUTH ANDAMAN,744206
True,True,ANDAMAN & NICOBAR ISLANDS,135,MIDDLE AND NORTH ANDAMANS,4503,2025-08-07T00:16:19.928402,N/A,GOVT PRIMARY SCHOOL HADDO (ENGLISH),https://kys.udiseplus.gov.in/#/schooldetail/5300383/12,gpshaddoem@gmail.com,N/A,1-Primary,1-Department of Education,3-Co-educational,2-Urban,"HADDO WARD NO 2 PORT BLAIR, SOUTH ANDAMAN",744102
True,True,ANDAMAN & NICOBAR ISLANDS,135,MIDDLE AND NORTH ANDAMANS,4503,2025-08-07T00:16:19.970737,N/A,GOVT PRIMARY SCHOOL HATHI TAPU,https://kys.udiseplus.gov.in/#/schooldetail/5300117/12,gpshathitapu@gmail.com,N/A,1-Primary,1-Department of Education,3-Co-educational,1-Rural,"vill-hathitapu,Namunaghar",744206
True,True,ANDAMAN & NICOBAR ISLANDS,135,MIDDLE AND NORTH ANDAMANS,4503,2025-08-07T00:16:20.017316,N/A,GOVT PRIMARY SCHOOL HAVELOCK 6 1/2,https://kys.udiseplus.gov.in/#/schooldetail/5300329/12,gpsknhavelock6.5@gmail.com,N/A,1-Primary,1-Department of Education,3-Co-educational,1-Rural,"Krishnanagar - 6 1/2, Pin Code- 744211, Swarajdweep","- 744211, Swarajdweep"
True,True,ANDAMAN & NICOBAR ISLANDS,135,MIDDLE AND NORTH ANDAMANS,4503,2025-08-07T00:16:20.063920,N/A,GOVT PRIMARY SCHOOL HAVELOCK JETTY (EM),https://kys.udiseplus.gov.in/#/schooldetail/5300001/12,N/A,N/A,1-Primary,1-Department of Education,3-Co-educational,9-NA,NA,NA
True,True,ANDAMAN & NICOBAR ISLANDS,135,MIDDLE AND NORTH ANDAMANS,4503,2025-08-07T00:16:20.104467,N/A,GOVT PRIMARY SCHOOL HERBERTABAD,https://kys.udiseplus.gov.in/#/schooldetail/5300107/12,gpsherbertabad@gmail.com,N/A,1-Primary,1-Department of Education,3-Co-educational,1-Rural,"Govt. Primary School Herbertabad, South Andaman",744102
True,True,ANDAMAN & NICOBAR ISLANDS,135,MIDDLE AND NORTH ANDAMANS,4503,2025-08-07T00:16:20.150210,N/A,GOVT PRIMARY SCHOOL HOBDYPUR,https://kys.udiseplus.gov.in/#/schooldetail/5300104/12,gpshobdypur2018@gmail.com,N/A,1-Primary,1-Department of Education,3-Co-educational,1-Rural,"GPS HABDIPUR, SOUTH ANDAMAN, 744103",744103
True,True,ANDAMAN & NICOBAR ISLANDS,135,MIDDLE AND NORTH ANDAMANS,4503,2025-08-07T00:16:20.193754,N/A,GOVT PRIMARY SCHOOL HOPE TOWN,https://kys.udiseplus.gov.in/#/schooldetail/5300094/12,gpshopetown73@gmail.com,N/A,1-Primary,1-Department of Education,3-Co-educational,1-Rural,"NEAR HOPE TOWN JETTY, HOPE TOWN",744107
True,True,ANDAMAN & NICOBAR ISLANDS,135,MIDDLE AND NORTH ANDAMANS,4503,2025-08-07T00:16:20.237615,N/A,GOVT PRIMARY SCHOOL INDIRA NAGAR,https://kys.udiseplus.gov.in/#/schooldetail/5300309/12,gpsindiranagar35@gmail.com,N/A,1-Primary,1-Department of Education,3-Co-educational,1-Rural,"Indira Nagar,Manglutan, South Andaman",744105
True,True,ANDAMAN & NICOBAR ISLANDS,135,MIDDLE AND NORTH ANDAMANS,4503,2025-08-07T00:16:20.284022,N/A,GOVT PRIMARY SCHOOL KADAKACHANG,https://kys.udiseplus.gov.in/#/schooldetail/5300086/12,kadakachang1998@gmail.com,N/A,1-Primary,1-Department of Education,3-Co-educational,1-Rural,"GPS KADAKACHANG, WIMBERLYGUNJ, SOUTH ANDAMAN",744206
True,True,ANDAMAN & NICOBAR ISLANDS,135,MIDDLE AND NORTH ANDAMANS,4503,2025-08-07T00:16:20.328547,N/A,GOVT PRIMARY SCHOOL LALL PAHAR,https://kys.udiseplus.gov.in/#/schooldetail/5300300/12,gpslalpahar@gmail.com,N/A,1-Primary,1-Department of Education,3-Co-educational,1-Rural,"GPS LAL PAHAR, CHOULDARI, SOUTH ANDAMAN",744103
True,True,ANDAMAN & NICOBAR ISLANDS,135,MIDDLE AND NORTH ANDAMANS,4503,2025-08-07T00:16:20.385351,N/A,GOVT PRIMARY SCHOOL LAMBA PAHAD,https://kys.udiseplus.gov.in/#/schooldetail/5300345/12,Wimberlygunjgpslambapahad@gmail.com,N/A,1-Primary,1-Department of Education,3-Co-educational,1-Rural,"lambapahad,n wimberlygunj",744206
True,True,ANDAMAN & NICOBAR ISLANDS,135,MIDDLE AND NORTH ANDAMANS,4503,2025-08-07T00:16:20.439765,N/A,GOVT PRIMARY SCHOOL LOHA BARRICK,https://kys.udiseplus.gov.in/#/schooldetail/5300316/12,gpslohabarrick@gmail.com,N/A,1-Primary,1-Department of Education,3-Co-educational,1-Rural,"Loha Barrick, Wandor, South Andaman",744103
True,True,ANDAMAN & NICOBAR ISLANDS,135,MIDDLE AND NORTH ANDAMANS,4503,2025-08-07T00:16:20.486796,N/A,GOVT PRIMARY SCHOOL MAKKA PAHAR,https://kys.udiseplus.gov.in/#/schooldetail/5300318/12,gpsmp1997@gmail.com,N/A,1-Primary,1-Department of Education,3-Co-educational,1-Rural,Beodnabad post south andaman,744105
True,True,ANDAMAN & NICOBAR ISLANDS,135,MIDDLE AND NORTH ANDAMANS,4503,2025-08-07T00:16:20.531650,N/A,GOVT PRIMARY SCHOOL MANJERI,https://kys.udiseplus.gov.in/#/schooldetail/5300317/12,gpsmanjery@gmail.com,N/A,1-Primary,1-Department of Education,3-Co-educational,1-Rural,"VILL- MANJERYI, P.O. GUPTAPARA, SOUTH ANDAMAN",744103
True,True,ANDAMAN & NICOBAR ISLANDS,135,MIDDLE AND NORTH ANDAMANS,4503,2025-08-07T00:16:20.581950,N/A,GOVT PRIMARY SCHOOL MATHURA,https://kys.udiseplus.gov.in/#/schooldetail/5300085/12,gpsmathura1950@gmail.com,N/A,1-Primary,1-Department of Education,3-Co-educational,1-Rural,"mathura, wimberlygunj",744206
True,True,ANDAMAN & NICOBAR ISLANDS,135,MIDDLE AND NORTH ANDAMANS,4503,2025-08-07T00:16:20.628414,N/A,GOVT PRIMARY SCHOOL  MAZAR PAHAD,https://kys.udiseplus.gov.in/#/schooldetail/5300404/12,gpsmp1998@gmail.com,N/A,1-Primary,1-Department of Education,3-Co-educational,2-Urban,GOVT PRIMARY SCHOOL MAZAR PAHAD,744106
True,True,ANDAMAN & NICOBAR ISLANDS,135,MIDDLE AND NORTH ANDAMANS,4503,2025-08-07T00:16:20.672050,N/A,GOVT PRIMARY SCHOOL MIDDLE POINT (GDMS),https://kys.udiseplus.gov.in/#/schooldetail/5300399/12,gdmspri2020@gmail.com,N/A,1-Primary,1-Department of Education,3-Co-educational,2-Urban,"Middle point, Port Blair, P.O. Head Post Office",744101
True,True,ANDAMAN & NICOBAR ISLANDS,135,MIDDLE AND NORTH ANDAMANS,4503,2025-08-07T00:16:20.715628,N/A,GOVT PRIMARY SCHOOL MINNIE BAY,https://kys.udiseplus.gov.in/#/schooldetail/5300412/12,gpsminniebay@gmail.com,N/A,1-Primary,1-Department of Education,3-Co-educational,2-Urban,School Line Ranchi Basti,744103
True,True,ANDAMAN & NICOBAR ISLANDS,135,MIDDLE AND NORTH ANDAMANS,4503,2025-08-07T00:16:20.761683,N/A,GOVT PRIMARY SCHOOL MITHA KHARI,https://kys.udiseplus.gov.in/#/schooldetail/5300109/12,gpsmithakhari@gmail.com,N/A,1-Primary,1-Department of Education,3-Co-educational,1-Rural,"MITHAKHARI, SOUTH ANDAMAN",744103
True,True,ANDAMAN & NICOBAR ISLANDS,135,MIDDLE AND NORTH ANDAMANS,4503,2025-08-07T00:16:20.805820,N/A,GOVT PRIMARY SCHOOL MUSLIM BASTI,https://kys.udiseplus.gov.in/#/schooldetail/5300110/12,Gpsmuslimbasti@gmail.com,N/A,1-Primary,1-Department of Education,3-Co-educational,1-Rural,"P.O. OGRABRAJ, SOUTH ANDAMAN",744103
True,True,ANDAMAN & NICOBAR ISLANDS,135,MIDDLE AND NORTH ANDAMANS,4503,2025-08-07T00:16:20.851233,N/A,GOVT PRIMARY SCHOOL NANJAPPA NAGAR,https://kys.udiseplus.gov.in/#/schooldetail/5300119/12,gpsnnhb@gmail.com,N/A,1-Primary,1-Department of Education,3-Co-educational,1-Rural,"Hutbay, Little Andaman",744207
True,True,ANDAMAN & NICOBAR ISLANDS,135,MIDDLE AND NORTH ANDAMANS,4503,2025-08-07T00:16:20.895084,N/A,GOVT PRIMARY SCHOOL NAYAGAON,https://kys.udiseplus.gov.in/#/schooldetail/5300409/12,gpsng.doe@gmail.com,N/A,1-Primary,1-Department of Education,3-Co-educational,2-Urban,"Near Juvenile Home, Ward No.-12, Nayagaon",744106
True,True,ANDAMAN & NICOBAR ISLANDS,135,MIDDLE AND NORTH ANDAMANS,4503,2025-08-07T00:16:20.955606,N/A,GOVT PRIMARY SCHOOL NAYASAHAR,https://kys.udiseplus.gov.in/#/schooldetail/5300310/12,gpsNsahar@gmail.com,N/A,1-Primary,1-Department of Education,3-Co-educational,1-Rural,"NEAR DHANICARI DAM,NAYASAHAR",744105
True,True,ANDAMAN & NICOBAR ISLANDS,135,MIDDLE AND NORTH ANDAMANS,4503,2025-08-07T00:16:21.006412,N/A,GOVT PRIMARY SCHOOL NEIL ISLAND-4,https://kys.udiseplus.gov.in/#/schooldetail/5300344/12,gpsneil4@gmail.com,N/A,1-Primary,1-Department of Education,3-Co-educational,1-Rural,"Ram nagar, Shaheed Dweep",744104
True,True,ANDAMAN & NICOBAR ISLANDS,135,MIDDLE AND NORTH ANDAMANS,4503,2025-08-07T00:16:21.052476,N/A,GOVT PRIMARY SCHOOL NEW WANDOOR,https://kys.udiseplus.gov.in/#/schooldetail/5300305/12,gpsnewwandoor1969@gmail.com,N/A,1-Primary,1-Department of Education,3-Co-educational,1-Rural,"GPS NEW WANDOOR, WANDOOR",744103
True,True,ANDAMAN & NICOBAR ISLANDS,135,MIDDLE AND NORTH ANDAMANS,4503,2025-08-07T00:16:21.096328,N/A,GOVT PRIMARY SCHOOL NORTH BAY,https://kys.udiseplus.gov.in/#/schooldetail/5300095/12,GPSnorthbay3501@gmail.com,N/A,1-Primary,1-Department of Education,3-Co-educational,1-Rural,"Northbay ,SouthAndaman",744107
True,True,ANDAMAN & NICOBAR ISLANDS,135,MIDDLE AND NORTH ANDAMANS,4503,2025-08-07T00:16:21.138133,N/A,GOVT PRIMARY SCHOOL PORT MOUT,https://kys.udiseplus.gov.in/#/schooldetail/5300334/12,gpsportmout02@gmail.com,N/A,1-Primary,1-Department of Education,3-Co-educational,1-Rural,"PORT MOUT, P.O. CHOULDARI",744103
True,True,ANDAMAN & NICOBAR ISLANDS,135,MIDDLE AND NORTH ANDAMANS,4503,2025-08-07T00:16:21.185305,N/A,GOVT PRIMARY SCHOOL RADHANAGAR,https://kys.udiseplus.gov.in/#/schooldetail/5300332/12,gpsradhanagar@gmail.com,N/A,1-Primary,1-Department of Education,3-Co-educational,1-Rural,"Radhanagar 744211, Swaraj Dweep",744211
True,True,ANDAMAN & NICOBAR ISLANDS,135,MIDDLE AND NORTH ANDAMANS,4503,2025-08-07T00:16:21.228328,N/A,GOVT PRIMARY SCHOOL RANCHI BASTHI,https://kys.udiseplus.gov.in/#/schooldetail/5300115/12,gpsranchibasthi2020@gmail.com,N/A,1-Primary,1-Department of Education,3-Co-educational,1-Rural,"GPS RANCHI BASTHI NAMUNAGHAR,WARD NO.-1 SOUTH ANDAMAN PIN 744206",744206
True,True,ANDAMAN & NICOBAR ISLANDS,135,MIDDLE AND NORTH ANDAMANS,4503,2025-08-07T00:16:21.270875,N/A,GOVT PRIMARY SCHOOL RANGACHANG-5,https://kys.udiseplus.gov.in/#/schooldetail/5300319/12,psrangachang5@gmail.com,N/A,1-Primary,1-Department of Education,3-Co-educational,1-Rural,ANDAMAN AND NICOBAR ISLANDS,744105
True,True,ANDAMAN & NICOBAR ISLANDS,135,MIDDLE AND NORTH ANDAMANS,4503,2025-08-07T00:16:21.314853,N/A,GOVT PRIMARY SCHOOL SAITHAN KHARI,https://kys.udiseplus.gov.in/#/schooldetail/5300084/12,gpssaithankhari1972@gmail.com,N/A,1-Primary,1-Department of Education,3-Co-educational,1-Rural,brindaban wimberlygunj,744206
True,True,ANDAMAN & NICOBAR ISLANDS,135,MIDDLE AND NORTH ANDAMANS,4503,2025-08-07T00:16:21.361518,N/A,GOVT PRIMARY SCHOOL SHOAL BAY-14,https://kys.udiseplus.gov.in/#/schooldetail/5300069/12,gpssbay14@gmail.com,N/A,1-Primary,1-Department of Education,3-Co-educational,1-Rural,"SHOAL BAY, SOUTH ANDAMAN",744206
True,True,ANDAMAN & NICOBAR ISLANDS,135,MIDDLE AND NORTH ANDAMANS,4503,2025-08-07T00:16:21.405098,N/A,GOVT PRIMARY SCHOOL SHOAL BAY-19,https://kys.udiseplus.gov.in/#/schooldetail/5300070/12,gpsshoalbay19@gmail.com,N/A,1-Primary,1-Department of Education,3-Co-educational,1-Rural,SHOAL BAY 19 SOUTH ANDAMAN,744206
True,True,ANDAMAN & NICOBAR ISLANDS,135,MIDDLE AND NORTH ANDAMANS,4503,2025-08-07T00:16:21.447642,N/A,GOVT PRIMARY SCHOOL SHOAL BAY-8,https://kys.udiseplus.gov.in/#/schooldetail/5300071/12,gpsshoalbay08@gmail.com,N/A,1-Primary,1-Department of Education,3-Co-educational,1-Rural,"Shoal Bay-08, shoal bay, south andaman",744206
True,True,ANDAMAN & NICOBAR ISLANDS,135,MIDDLE AND NORTH ANDAMANS,4503,2025-08-07T00:16:21.511331,N/A,GOVT PRIMARY SCHOOL SHORE POINT,https://kys.udiseplus.gov.in/#/schooldetail/5300090/12,gpsshorepoint.pb@gmail.com,N/A,1-Primary,1-Department of Education,3-Co-educational,1-Rural,"Shore Point, Port Blair",744107
True,True,ANDAMAN & NICOBAR ISLANDS,135,MIDDLE AND NORTH ANDAMANS,4503,2025-08-07T00:16:21.557498,N/A,GOVT PRIMARY SCHOOL TEYLARABAD,https://kys.udiseplus.gov.in/#/schooldetail/5300327/12,gpsteylerabad@gmail.com,N/A,1-Primary,1-Department of Education,3-Co-educational,2-Urban,"GPS, TEYLARABAD, DEO, SOUTH ANDAMAN",744105
True,True,ANDAMAN & NICOBAR ISLANDS,135,MIDDLE AND NORTH ANDAMANS,4503,2025-08-07T00:16:21.600780,N/A,GOVT PRIMARY SCHOOL TIRUR,https://kys.udiseplus.gov.in/#/schooldetail/5300108/12,gpstirur2019@gmail.com,N/A,1-Primary,1-Department of Education,3-Co-educational,1-Rural,PORT BLAIR SOUTH ANDAMAN,744103
True,True,ANDAMAN & NICOBAR ISLANDS,135,MIDDLE AND NORTH ANDAMANS,4503,2025-08-07T00:16:21.644573,N/A,GOVT PRIMARY SCHOOL TSUNAMI PAHAD,https://kys.udiseplus.gov.in/#/schooldetail/5300089/12,gpstsunamipahad@gmail.com,N/A,1-Primary,1-Department of Education,3-Co-educational,1-Rural,"Tsunami Pahad, Bamboo Flat - II, South Andaman, 744107",744107
True,True,ANDAMAN & NICOBAR ISLANDS,135,MIDDLE AND NORTH ANDAMANS,4503,2025-08-07T00:16:21.687671,N/A,GOVT PRIMARY SCHOOL TUSNABAD,https://kys.udiseplus.gov.in/#/schooldetail/5300102/12,gpstusnabad@gmail.com,N/A,1-Primary,1-Department of Education,3-Co-educational,1-Rural,TUSHNABAD SOUTH ANDAMAN,744103
True,True,ANDAMAN & NICOBAR ISLANDS,135,MIDDLE AND NORTH ANDAMANS,4503,2025-08-07T00:16:21.734153,N/A,GOVT PRIMARY SCHOOL WEST WANDOOR,https://kys.udiseplus.gov.in/#/schooldetail/5300314/12,gpswestwandoor@gmail.com,N/A,1-Primary,1-Department of Education,3-Co-educational,1-Rural,GOVT PRIMARY SCHOOL WEST WANDOOR,744103
True,True,ANDAMAN & NICOBAR ISLANDS,135,MIDDLE AND NORTH ANDAMANS,4503,2025-08-07T00:16:21.778518,N/A,GOVT SECONDARY SCHOOL CALICUT,https://kys.udiseplus.gov.in/#/schooldetail/5300321/12,gsscalicut41@gmail.com,N/A,6-Pr. Up Pr. and Secondary Only,1-Department of Education,3-Co-educational,1-Rural,"Calicut Village, South Andaman",744105
True,True,ANDAMAN & NICOBAR ISLANDS,135,MIDDLE AND NORTH ANDAMANS,4503,2025-08-07T00:16:21.824428,N/A,GOVT SECONDARY SCHOOL DAIRY FARM,https://kys.udiseplus.gov.in/#/schooldetail/5300378/12,gssdf2015@gmail.com,N/A,6-Pr. Up Pr. and Secondary Only,1-Department of Education,3-Co-educational,2-Urban,"Govt Secondary School,Dairy Farm",744103
True,True,ANDAMAN & NICOBAR ISLANDS,135,MIDDLE AND NORTH ANDAMANS,4503,2025-08-07T00:16:21.868871,N/A,GOVT SECONDARY SCHOOL DELANIPUR,https://kys.udiseplus.gov.in/#/schooldetail/5300382/12,gssdelanipur1960@gmail.com,N/A,6-Pr. Up Pr. and Secondary Only,1-Department of Education,3-Co-educational,2-Urban,"GSS Delanipur, Opp. TVS Showroom, Haddo Post, Port Blair",744102
True,True,ANDAMAN & NICOBAR ISLANDS,135,MIDDLE AND NORTH ANDAMANS,4503,2025-08-07T00:16:21.916244,N/A,GOVT SECONDARY SCHOOL DUGONG CREEK,https://kys.udiseplus.gov.in/#/schooldetail/5300118/12,hmgmsdugongcreek@gmail.com,N/A,6-Pr. Up Pr. and Secondary Only,1-Department of Education,3-Co-educational,1-Rural,"Dugong Creek, Little Andaman",744207
True,True,ANDAMAN & NICOBAR ISLANDS,135,MIDDLE AND NORTH ANDAMANS,4503,2025-08-07T00:16:21.960434,N/A,GOVT SECONDARY SCHOOL HARMINDER BAY,https://kys.udiseplus.gov.in/#/schooldetail/5300122/12,gssharbay49@gmail.com,N/A,6-Pr. Up Pr. and Secondary Only,1-Department of Education,3-Co-educational,1-Rural,"Harminder Bay, Little Andaman",744207
True,True,ANDAMAN & NICOBAR ISLANDS,135,MIDDLE AND NORTH ANDAMANS,4503,2025-08-07T00:16:55.310677,N/A,GOVT PRIMARY SCHOOL PASCHIM SAGAR-2,https://kys.udiseplus.gov.in/#/schooldetail/5300277/12,sagargpspaschim@gmail.com,N/A,1-Primary,1-Department of Education,3-Co-educational,1-Rural,Paschim Sagar Diglipur North Andaman,744202
True,True,ANDAMAN & NICOBAR ISLANDS,135,MIDDLE AND NORTH ANDAMANS,4503,2025-08-07T00:16:55.351409,N/A,GOVT PRIMARY SCHOOL PHOOLTALA,https://kys.udiseplus.gov.in/#/schooldetail/5300196/12,gpsphooltala704@gmail.com,N/A,1-Primary,1-Department of Education,3-Co-educational,1-Rural,PHOOLTALA PO KADAMTALA,744209
True,True,ANDAMAN & NICOBAR ISLANDS,135,MIDDLE AND NORTH ANDAMANS,4503,2025-08-07T00:16:55.414312,N/A,GOVT PRIMARY SCHOOL PINAKI NAGAR (BM),https://kys.udiseplus.gov.in/#/schooldetail/5300147/12,gpspinakinagarbm2019@gmail.com,N/A,1-Primary,1-Department of Education,3-Co-educational,1-Rural,"Pinakinagar, Billiground,N/M Andaman",744201
True,True,ANDAMAN & NICOBAR ISLANDS,135,MIDDLE AND NORTH ANDAMANS,4503,2025-08-07T00:16:55.458151,N/A,GOVT PRIMARY SCHOOL POKADERA,https://kys.udiseplus.gov.in/#/schooldetail/5300216/12,gpspokkadera98@gmail.com,N/A,1-Primary,1-Department of Education,3-Co-educational,1-Rural,Govt. Primary School Pokkadera Mayabunder,744204
True,True,ANDAMAN & NICOBAR ISLANDS,135,MIDDLE AND NORTH ANDAMANS,4503,2025-08-07T00:16:55.499844,N/A,GOVT PRIMARY SCHOOL PRAFULLA NAGAR,https://kys.udiseplus.gov.in/#/schooldetail/5300140/12,psprofullanagar72@gmail.com,N/A,1-Primary,1-Department of Education,3-Co-educational,1-Rural,PROFULLANAGAR PO NIMBUDERA,744201
True,True,ANDAMAN & NICOBAR ISLANDS,135,MIDDLE AND NORTH ANDAMANS,4503,2025-08-07T00:16:55.540153,N/A,GOVT PRIMARY SCHOOL RADHA NAGAR,https://kys.udiseplus.gov.in/#/schooldetail/5300235/12,govtpsradhanagar@gmail.com,N/A,1-Primary,1-Department of Education,3-Co-educational,1-Rural,"RADHANAGAR, PO SWARAJGRAM, NORTH AND MIDDLE ANDAMAN",744202
True,True,ANDAMAN & NICOBAR ISLANDS,135,MIDDLE AND NORTH ANDAMANS,4503,2025-08-07T00:16:55.580662,N/A,GOVT PRIMARY SCHOOL RADHA NAGAR - I,https://kys.udiseplus.gov.in/#/schooldetail/5300245/12,gpsradhanagar1@gmail.com,N/A,1-Primary,1-Department of Education,3-Co-educational,1-Rural,"RADHA NAGAR, PO DIGLIPUR, NORTH ANDAMAN",744202
True,True,ANDAMAN & NICOBAR ISLANDS,135,MIDDLE AND NORTH ANDAMANS,4503,2025-08-07T00:16:55.624470,N/A,GOVT PRIMARY SCHOOL RAJATGARH,https://kys.udiseplus.gov.in/#/schooldetail/5300207/12,gpsrajatgarh@gmail.com,N/A,1-Primary,1-Department of Education,3-Co-educational,1-Rural,"GP NILAMBUR, RAJATGARH",744210
True,True,ANDAMAN & NICOBAR ISLANDS,135,MIDDLE AND NORTH ANDAMANS,4503,2025-08-07T00:16:55.665514,N/A,GOVT PRIMARY SCHOOL RAMAKRISHNA GRAM,https://kys.udiseplus.gov.in/#/schooldetail/5300260/12,gpsrkgram01@gmail.com,N/A,1-Primary,1-Department of Education,3-Co-educational,1-Rural,RAMAKRISHNA GRAM DIGLIPUR NORTH ANDAMAN,744202
True,True,ANDAMAN & NICOBAR ISLANDS,135,MIDDLE AND NORTH ANDAMANS,4503,2025-08-07T00:16:55.706950,N/A,GOVT PRIMARY SCHOOL RAM NAGAR-2,https://kys.udiseplus.gov.in/#/schooldetail/5300281/12,govtprimaryschoolr@gmail.com,N/A,1-Primary,1-Department of Education,3-Co-educational,1-Rural,"RAMNAGAR, DIGLIPUR, NORTH ANDAMAN",744202
True,True,ANDAMAN & NICOBAR ISLANDS,135,MIDDLE AND NORTH ANDAMANS,4503,2025-08-07T00:16:55.749259,N/A,GOVT PRIMARY SCHOOL RANGAT,https://kys.udiseplus.gov.in/#/schooldetail/5300173/12,gpsrangat2019@gmail.com,N/A,1-Primary,1-Department of Education,3-Co-educational,1-Rural,Andaman and Nicobar Islands,744205
True,True,ANDAMAN & NICOBAR ISLANDS,135,MIDDLE AND NORTH ANDAMANS,4503,2025-08-07T00:16:55.795673,N/A,GOVT PRIMARY SCHOOL SABARI JUNCTION,https://kys.udiseplus.gov.in/#/schooldetail/5300166/12,hmpssabarijn@gmail.com,N/A,1-Primary,1-Department of Education,3-Co-educational,1-Rural,"SABARI, MIDDLE ANDAMAN",744205
True,True,ANDAMAN & NICOBAR ISLANDS,135,MIDDLE AND NORTH ANDAMANS,4503,2025-08-07T00:16:55.835415,N/A,GOVT PRIMARY SCHOOL SABARI (OLD),https://kys.udiseplus.gov.in/#/schooldetail/5300180/12,gpssabariold1955@gmail.com,N/A,1-Primary,1-Department of Education,3-Co-educational,1-Rural,GOVT PRIMARY SCHOOL SABARI PO SABARI MIDDLE ANDAMAN,744205
True,True,ANDAMAN & NICOBAR ISLANDS,135,MIDDLE AND NORTH ANDAMANS,4503,2025-08-07T00:16:55.874351,N/A,GOVT PRIMARY SCHOOL SAGAR DWEEP-2,https://kys.udiseplus.gov.in/#/schooldetail/5300270/12,gpssagardweepii@gmail.com,N/A,1-Primary,1-Department of Education,3-Co-educational,1-Rural,GPS Sagardweep II Diglipur North Andaman,744202
True,True,ANDAMAN & NICOBAR ISLANDS,135,MIDDLE AND NORTH ANDAMANS,4503,2025-08-07T00:16:55.913496,N/A,GOVT PRIMARY SCHOOL SHAKTIGARH,https://kys.udiseplus.gov.in/#/schooldetail/5300189/12,gpsshaktigarh@gmail.com,N/A,1-Primary,1-Department of Education,3-Co-educational,1-Rural,"Bakultala,Middle Andaman",744205
True,True,ANDAMAN & NICOBAR ISLANDS,135,MIDDLE AND NORTH ANDAMANS,4503,2025-08-07T00:16:55.950920,N/A,GOVT PRIMARY SCHOOL SHANTANU,https://kys.udiseplus.gov.in/#/schooldetail/5300199/12,schoolshantanu@gmail.com,N/A,1-Primary,1-Department of Education,3-Co-educational,1-Rural,"POST KADAMTALA, VILLAGE KADAMTALA",744209
True,True,ANDAMAN & NICOBAR ISLANDS,135,MIDDLE AND NORTH ANDAMANS,4503,2025-08-07T00:16:56.010062,N/A,GOVT PRIMARY SCHOOL SHANTIPUR,https://kys.udiseplus.gov.in/#/schooldetail/5300154/12,gpsshantipur907@gmail.com,N/A,1-Primary,1-Department of Education,3-Co-educational,1-Rural,GPS SHANTIPUR PO SWADESH NAGAR,744201
True,True,ANDAMAN & NICOBAR ISLANDS,135,MIDDLE AND NORTH ANDAMANS,4503,2025-08-07T00:16:56.059394,N/A,GOVT PRIMARY SCHOOL SHYAMKUND,https://kys.udiseplus.gov.in/#/schooldetail/5300187/12,shyamkundgps@gmail.com,N/A,1-Primary,1-Department of Education,3-Co-educational,1-Rural,"Shyamkund, P. O-Bakultala, Middle Andaman",744205
True,True,ANDAMAN & NICOBAR ISLANDS,135,MIDDLE AND NORTH ANDAMANS,4503,2025-08-07T00:16:56.100285,N/A,GOVT PRIMARY SCHOOL SIPPI TEKREY,https://kys.udiseplus.gov.in/#/schooldetail/5300060/12,gpssippitikry@gmail.com,N/A,1-Primary,1-Department of Education,3-Co-educational,1-Rural,Govt. Primary School Sippitikry,744204
True,True,ANDAMAN & NICOBAR ISLANDS,135,MIDDLE AND NORTH ANDAMANS,4503,2025-08-07T00:16:56.140270,N/A,GOVT PRIMARY SCHOOL SITAPUR,https://kys.udiseplus.gov.in/#/schooldetail/5300167/12,gpssitapur2020@gmail.com,N/A,1-Primary,1-Department of Education,3-Co-educational,1-Rural,"Vill-Sitapur, Post-Rangat, Middle Andaman",744205
True,True,ANDAMAN & NICOBAR ISLANDS,135,MIDDLE AND NORTH ANDAMANS,4503,2025-08-07T00:16:56.182831,N/A,GOVT PRIMARY SCHOOL SUBASHGRAM,https://kys.udiseplus.gov.in/#/schooldetail/5300255/12,gpssg1958@gmail.com,N/A,1-Primary,1-Department of Education,3-Co-educational,1-Rural,SUBASHGRAM PO DIGLIPUR NORTH ANDAMAN,744202
True,True,ANDAMAN & NICOBAR ISLANDS,135,MIDDLE AND NORTH ANDAMANS,4503,2025-08-07T00:16:56.223531,N/A,GOVT PRIMARY SCHOOL SUMATI VIDYA MANDIR,https://kys.udiseplus.gov.in/#/schooldetail/5300252/12,gpssumatividyamandir1968@gmail.com,N/A,1-Primary,1-Department of Education,3-Co-educational,1-Rural,Sita Nagar PO Diglipur North Andaman,744202
True,True,ANDAMAN & NICOBAR ISLANDS,135,MIDDLE AND NORTH ANDAMANS,4503,2025-08-07T00:16:56.265595,N/A,GOVT PRIMARY SCHOOL SWADESHNAGAR,https://kys.udiseplus.gov.in/#/schooldetail/5300150/12,gpsswadeshnagar1964@gmail.com,N/A,1-Primary,1-Department of Education,3-Co-educational,1-Rural,GPS Swadeshnagar N /M Andaman,744201
True,True,ANDAMAN & NICOBAR ISLANDS,135,MIDDLE AND NORTH ANDAMANS,4503,2025-08-07T00:16:56.306063,N/A,GOVT PRIMARY SCHOOL TALBAGAN,https://kys.udiseplus.gov.in/#/schooldetail/5300298/12,gpstalbagan@gmail.com,N/A,1-Primary,1-Department of Education,3-Co-educational,1-Rural,Talbagan Diglipur North Andaman,744202
True,True,ANDAMAN & NICOBAR ISLANDS,135,MIDDLE AND NORTH ANDAMANS,4503,2025-08-07T00:16:56.347397,N/A,GOVT PRIMARY SCHOOL THORATANG NALLAH,https://kys.udiseplus.gov.in/#/schooldetail/5300151/12,gpsthoraktangnallah@gmail.com,N/A,1-Primary,1-Department of Education,3-Co-educational,1-Rural,"Thoratang Nallah, North and Middle Andaman, PIN-744201",744201
True,True,ANDAMAN & NICOBAR ISLANDS,135,MIDDLE AND NORTH ANDAMANS,4503,2025-08-07T00:16:56.391301,N/A,GOVT PRIMARY SCHOOL TUGAPUR-7,https://kys.udiseplus.gov.in/#/schooldetail/5300057/12,gpstugapur07@gmail.com,N/A,1-Primary,1-Department of Education,3-Co-educational,1-Rural,Govt. Primary School,744204
True,True,ANDAMAN & NICOBAR ISLANDS,135,MIDDLE AND NORTH ANDAMANS,4503,2025-08-07T00:16:56.433661,N/A,GOVT PRIMARY SCHOOL TUGAPUR-8,https://kys.udiseplus.gov.in/#/schooldetail/5300058/12,gpstugapur08@gmail.com,N/A,1-Primary,1-Department of Education,3-Co-educational,1-Rural,GPS Tugapur-8 pahalgaon - 744204,744204
True,True,ANDAMAN & NICOBAR ISLANDS,135,MIDDLE AND NORTH ANDAMANS,4503,2025-08-07T00:16:56.473208,N/A,GOVT PRIMARY SCHOOL UDAYGARH,https://kys.udiseplus.gov.in/#/schooldetail/5300205/12,gpsudaygarh@gmail.com,N/A,1-Primary,1-Department of Education,3-Co-educational,1-Rural,"GP SUNDRGARH, UDAYGARH, BARATANG",744210
True,True,ANDAMAN & NICOBAR ISLANDS,135,MIDDLE AND NORTH ANDAMANS,4503,2025-08-07T00:16:56.512859,N/A,GOVT PRIMARY SCHOOL UTTARA CORNER,https://kys.udiseplus.gov.in/#/schooldetail/5300197/12,gpsuc2019@gmail.com,N/A,1-Primary,1-Department of Education,3-Co-educational,1-Rural,UTTARA CORNER NORTH AND MIDDLE ANDAMAN,744209
True,True,ANDAMAN & NICOBAR ISLANDS,135,MIDDLE AND NORTH ANDAMANS,4503,2025-08-07T00:16:56.551947,N/A,GOVT PRIMARY SCHOOL VIDYA SAGAR PALLY,https://kys.udiseplus.gov.in/#/schooldetail/5300266/12,gpsvspally95@gmail.com,N/A,1-Primary,1-Department of Education,3-Co-educational,1-Rural,"VIDYA SAGAR PALLY, PO DIGLIPUR NORTH ANDAMAN",744202
True,True,ANDAMAN & NICOBAR ISLANDS,135,MIDDLE AND NORTH ANDAMANS,4503,2025-08-07T00:16:56.612812,N/A,GOVT PRIMARY SCHOOL VIJAY GARH,https://kys.udiseplus.gov.in/#/schooldetail/5300201/12,gpsvgarh@gmail.com,N/A,1-Primary,1-Department of Education,3-Co-educational,1-Rural,"GP Sundergarh, Baratang",744210
True,True,ANDAMAN & NICOBAR ISLANDS,135,MIDDLE AND NORTH ANDAMANS,4503,2025-08-07T00:16:56.661242,N/A,GOVT PRIMARY SCHOOL VIVEKANANDA VIDYA PITH,https://kys.udiseplus.gov.in/#/schooldetail/5300261/12,gpsvvpith73@gmail.com,N/A,1-Primary,1-Department of Education,3-Co-educational,1-Rural,V V PITH PO DIGLIPUR NORTH ANDAMAN,744202
True,True,ANDAMAN & NICOBAR ISLANDS,135,MIDDLE AND NORTH ANDAMANS,4503,2025-08-07T00:16:56.702053,N/A,GOVT SECONDARY SCHOOL ADAZIG,https://kys.udiseplus.gov.in/#/schooldetail/5300203/12,gssadazigbtang@gmail.com,N/A,6-Pr. Up Pr. and Secondary Only,1-Department of Education,3-Co-educational,1-Rural,"GSS ADAZIG, BARATANG",744210
True,True,ANDAMAN & NICOBAR ISLANDS,135,MIDDLE AND NORTH ANDAMANS,4503,2025-08-07T00:16:56.742892,N/A,GOVT SECONDARY SCHOOL CHAINPUR,https://kys.udiseplus.gov.in/#/schooldetail/5300061/12,gsschainpur@gmail.com,N/A,6-Pr. Up Pr. and Secondary Only,1-Department of Education,3-Co-educational,1-Rural,"Govt. Secondary School Chainpur, Mayabunder",744204
True,True,ANDAMAN & NICOBAR ISLANDS,135,MIDDLE AND NORTH ANDAMANS,4503,2025-08-07T00:16:56.783935,N/A,GOVT SECONDARY SCHOOL DURGAPUR,https://kys.udiseplus.gov.in/#/schooldetail/5300274/12,durgapurgss@gmail.com,N/A,6-Pr. Up Pr. and Secondary Only,1-Department of Education,3-Co-educational,1-Rural,"DURGAPUR,PO DIGLIPUR, NORTH ANDAMAN",744202
True,True,ANDAMAN & NICOBAR ISLANDS,135,MIDDLE AND NORTH ANDAMANS,4503,2025-08-07T00:16:56.824710,N/A,GOVT SECONDARY SCHOOL GOVINDPUR,https://kys.udiseplus.gov.in/#/schooldetail/5300141/12,hmgssgovindapur1980@gmail.com,N/A,6-Pr. Up Pr. and Secondary Only,1-Department of Education,3-Co-educational,1-Rural,"GOVINDAPUR, N/M ANDAMAN",744201
True,True,ANDAMAN & NICOBAR ISLANDS,135,MIDDLE AND NORTH ANDAMANS,4503,2025-08-07T00:16:56.865147,N/A,GOVT SECONDARY SCHOOL KAUSHALYA NAGAR,https://kys.udiseplus.gov.in/#/schooldetail/5300188/12,hm_gssknagar@yahoo.in,N/A,6-Pr. Up Pr. and Secondary Only,1-Department of Education,3-Co-educational,1-Rural,PO Kaushalya Nagar N and M Andaman,744205
True,True,ANDAMAN & NICOBAR ISLANDS,135,MIDDLE AND NORTH ANDAMANS,4503,2025-08-07T00:16:56.906583,N/A,GOVT SECONDARY SCHOOL KERALAPURAM,https://kys.udiseplus.gov.in/#/schooldetail/5300263/12,gsskeralapuram@gmail.com,N/A,6-Pr. Up Pr. and Secondary Only,1-Department of Education,3-Co-educational,1-Rural,GOVT. SEC. SCHOOL KERALAPURAM DIGLIPUR NORTH ANDAMAN,744202
True,True,ANDAMAN & NICOBAR ISLANDS,135,MIDDLE AND NORTH ANDAMANS,4503,2025-08-07T00:16:56.945744,N/A,GOVT SECONDARY SCHOOL LAXMIPUR,https://kys.udiseplus.gov.in/#/schooldetail/5300246/12,hmgsslpna@gmail.com,N/A,6-Pr. Up Pr. and Secondary Only,1-Department of Education,3-Co-educational,1-Rural,LAXMIPUR DIGLIPUR NORTH ANDAMAN,744202
True,True,ANDAMAN & NICOBAR ISLANDS,135,MIDDLE AND NORTH ANDAMANS,4503,2025-08-07T00:16:56.989588,N/A,GOVT SECONDARY SCHOOL MADHUPUR-1,https://kys.udiseplus.gov.in/#/schooldetail/5300007/12,gssmadhupur1@gmail.com,N/A,6-Pr. Up Pr. and Secondary Only,1-Department of Education,3-Co-educational,1-Rural,"MADHUPUR, PO DIGLIPUR, NORTH ANDAMAN",744202
True,True,ANDAMAN & NICOBAR ISLANDS,135,MIDDLE AND NORTH ANDAMANS,4503,2025-08-07T00:16:57.035109,N/A,GOVT SECONDARY SCHOOL MOHANPUR-5,https://kys.udiseplus.gov.in/#/schooldetail/5300049/12,gssmohanpur5@gmail.com,N/A,6-Pr. Up Pr. and Secondary Only,1-Department of Education,3-Co-educational,1-Rural,"Govt. Secondary School, Mohanpur-5, Mayabunder",744204
True,True,ANDAMAN & NICOBAR ISLANDS,135,MIDDLE AND NORTH ANDAMANS,4503,2025-08-07T00:16:57.075832,N/A,GOVT SECONDARY SCHOOL NABAGRAM,https://kys.udiseplus.gov.in/#/schooldetail/5300282/12,gssnabagram@gmail.com,N/A,6-Pr. Up Pr. and Secondary Only,1-Department of Education,3-Co-educational,1-Rural,NABAGRAM DIGLIPUR NORTH ANDAMAN,744202
True,True,ANDAMAN & NICOBAR ISLANDS,135,MIDDLE AND NORTH ANDAMANS,4503,2025-08-07T00:16:57.114967,N/A,GOVT SECONDARY SCHOOL NIMBUTALA,https://kys.udiseplus.gov.in/#/schooldetail/5300164/12,hm.nimbutala@gmail.com,N/A,6-Pr. Up Pr. and Secondary Only,1-Department of Education,3-Co-educational,1-Rural,ANDAMAN ANDN NICOBAR ISLANDS,744205
True,True,ANDAMAN & NICOBAR ISLANDS,135,MIDDLE AND NORTH ANDAMANS,4503,2025-08-07T00:16:57.154865,N/A,GOVT SECONDARY SCHOOL PARANGARA,https://kys.udiseplus.gov.in/#/schooldetail/5300279/12,gssparangara@gmail.com,N/A,6-Pr. Up Pr. and Secondary Only,1-Department of Education,3-Co-educational,1-Rural,PARANGARA DIGLIPUR NORTH ANDAMAN,744202
True,True,ANDAMAN & NICOBAR ISLANDS,135,MIDDLE AND NORTH ANDAMANS,4503,2025-08-07T00:16:57.214466,N/A,GOVT SECONDARY SCHOOL PASCHIM SAGAR,https://kys.udiseplus.gov.in/#/schooldetail/5300278/12,gsspaschimsagar84@gmail.com,N/A,6-Pr. Up Pr. and Secondary Only,1-Department of Education,3-Co-educational,1-Rural,PASCHIM SAGAR DIGLIPUR NORTH ANDAMAN,744202
True,True,ANDAMAN & NICOBAR ISLANDS,135,MIDDLE AND NORTH ANDAMANS,4503,2025-08-07T00:16:57.262583,N/A,GOVT SECONDARY SCHOOL PINAKI NAGAR (EM),https://kys.udiseplus.gov.in/#/schooldetail/5300146/12,gsspinakinagar@gmail.com,N/A,6-Pr. Up Pr. and Secondary Only,1-Department of Education,3-Co-educational,1-Rural,"PINAKINAGAR, BILLIGROUND",744201
True,True,ANDAMAN & NICOBAR ISLANDS,135,MIDDLE AND NORTH ANDAMANS,4503,2025-08-07T00:16:57.304938,N/A,GOVT SECONDARY SCHOOL RAM NAGAR-1,https://kys.udiseplus.gov.in/#/schooldetail/5300280/12,gssrndp@gmail.com,N/A,6-Pr. Up Pr. and Secondary Only,1-Department of Education,3-Co-educational,1-Rural,RAM NAGAR DIGLIPUR NORTH ANDAMAN,744202
True,True,ANDAMAN & NICOBAR ISLANDS,135,MIDDLE AND NORTH ANDAMANS,4503,2025-08-07T00:16:57.345429,N/A,GOVT SECONDARY SCHOOL SHIBPUR,https://kys.udiseplus.gov.in/#/schooldetail/5300271/12,gssshibpur@gmail.com,N/A,6-Pr. Up Pr. and Secondary Only,1-Department of Education,3-Co-educational,1-Rural,"SHIBPUR, PO DIGLIPUR, NORTH ANDAMAN",744202
True,True,ANDAMAN & NICOBAR ISLANDS,135,MIDDLE AND NORTH ANDAMANS,4503,2025-08-07T00:16:57.388010,N/A,GOVT SECONDARY SCHOOL SIVAPURAM,https://kys.udiseplus.gov.in/#/schooldetail/5300157/12,gssshivapuram17@gmail.com,N/A,6-Pr. Up Pr. and Secondary Only,1-Department of Education,3-Co-educational,1-Rural,shivapuram middle andaman,744201
True,True,ANDAMAN & NICOBAR ISLANDS,135,MIDDLE AND NORTH ANDAMANS,4503,2025-08-07T00:16:57.428269,N/A,GOVT SECONDARY SCHOOL UTTARA,https://kys.udiseplus.gov.in/#/schooldetail/5300198/12,secondaryschooluttara@gmail.com,N/A,6-Pr. Up Pr. and Secondary Only,1-Department of Education,3-Co-educational,1-Rural,"VILL. UTTARA, POST - UTTARA",744209
True,True,ANDAMAN & NICOBAR ISLANDS,135,MIDDLE AND NORTH ANDAMANS,4503,2025-08-07T00:16:57.470200,N/A,GOVT SECONDARY SCHOOL WEBI,https://kys.udiseplus.gov.in/#/schooldetail/5300220/12,gsswebi@gmail.com,N/A,6-Pr. Up Pr. and Secondary Only,1-Department of Education,3-Co-educational,1-Rural,"GSS WEBI, VILL-DEOPUR, WEBI, MAYABUNDER",744204
True,True,ANDAMAN & NICOBAR ISLANDS,135,MIDDLE AND NORTH ANDAMANS,4503,2025-08-07T00:16:57.512213,N/A,GOVT SENIOR SECONDARY SCHOOL BAKULTALA,https://kys.udiseplus.gov.in/#/schooldetail/5300186/12,principalgsssbakultala@gmail.com,N/A,3-Pr. with Up.Pr. Sec. and H.Sec.,1-Department of Education,3-Co-educational,1-Rural,"GOVT. SENIOR SECONDARY SCHOOL, BAKULTALA",744205
True,True,ANDAMAN & NICOBAR ISLANDS,135,MIDDLE AND NORTH ANDAMANS,4503,2025-08-07T00:16:57.550793,N/A,GOVT SENIOR SECONDARY SCHOOL CFO NALLAH,https://kys.udiseplus.gov.in/#/schooldetail/5300156/12,sscfo1967@gmail.com,N/A,5-Up. Pr. Secondary and Higher Sec,1-Department of Education,3-Co-educational,1-Rural,"Dharmapur, shivapuram",744201
True,True,ANDAMAN & NICOBAR ISLANDS,135,MIDDLE AND NORTH ANDAMANS,4503,2025-08-07T00:16:57.594773,N/A,GOVT SENIOR SECONDARY SCHOOL DIGLIPUR,https://kys.udiseplus.gov.in/#/schooldetail/5300067/12,gsss_diglipur@yahoo.co.in,N/A,10-Secondary with Higher Secondary,1-Department of Education,3-Co-educational,1-Rural,GOVT SR SEC SCHOOL DIGLIPUR NORTH ANDAMAN,744202
True,True,ANDAMAN & NICOBAR ISLANDS,135,MIDDLE AND NORTH ANDAMANS,4503,2025-08-07T00:16:57.634277,N/A,GOVT SENIOR SECONDARY SCHOOL KADAMTALA,https://kys.udiseplus.gov.in/#/schooldetail/5300192/12,crckadamtala@gmail.com,N/A,3-Pr. with Up.Pr. Sec. and H.Sec.,1-Department of Education,3-Co-educational,1-Rural,"VILL- KADAMTALA, P.O - KADAMTALA, NORTH AND MIDDLE ANDAMAN",744209
True,True,ANDAMAN & NICOBAR ISLANDS,135,MIDDLE AND NORTH ANDAMANS,4503,2025-08-07T00:16:57.673419,N/A,GOVT SENIOR SECONDARY SCHOOL KALIGHAT,https://kys.udiseplus.gov.in/#/schooldetail/5300287/12,gssskg@gmail.com,N/A,5-Up. Pr. Secondary and Higher Sec,1-Department of Education,3-Co-educational,1-Rural,Kalighat North Andaman Andaman and Nicobar Islands,744202
True,True,ANDAMAN & NICOBAR ISLANDS,135,MIDDLE AND NORTH ANDAMANS,4503,2025-08-07T00:16:57.713721,N/A,GOVT SENIOR SECONDARY SCHOOL KARMATANG-10,https://kys.udiseplus.gov.in/#/schooldetail/5300226/12,gssskt10@gmail.com,N/A,3-Pr. with Up.Pr. Sec. and H.Sec.,1-Department of Education,3-Co-educational,1-Rural,"Govt. Senior Secondary School, Karmatang-10, Mayabunder",744204
True,True,ANDAMAN & NICOBAR ISLANDS,135,MIDDLE AND NORTH ANDAMANS,4503,2025-08-07T00:16:57.753736,N/A,GOVT SENIOR SECONDARY SCHOOL KISHORINAGAR,https://kys.udiseplus.gov.in/#/schooldetail/5300276/12,vpgssskishorinagar@gmail.com,N/A,3-Pr. with Up.Pr. Sec. and H.Sec.,1-Department of Education,3-Co-educational,1-Rural,GOVT SR SEC SCHOOL KISHORI NAGAR DIGLIPUR NORTH ANDAMAN,744202
True,True,ANDAMAN & NICOBAR ISLANDS,135,MIDDLE AND NORTH ANDAMANS,4503,2025-08-07T00:16:57.813392,N/A,GOVT SENIOR SECONDARY SCHOOL LONG ISLAND,https://kys.udiseplus.gov.in/#/schooldetail/5300183/12,gsss_longisland@yahoo.co.in,N/A,3-Pr. with Up.Pr. Sec. and H.Sec.,1-Department of Education,3-Co-educational,1-Rural,GOVT. SR. SEC. SCHOOL LONG ISLAND,744203
True,True,ANDAMAN & NICOBAR ISLANDS,135,MIDDLE AND NORTH ANDAMANS,4503,2025-08-07T00:16:57.862562,N/A,GOVT SENIOR SECONDARY SCHOOL ORALKATCHA,https://kys.udiseplus.gov.in/#/schooldetail/5300206/12,gsssoralkatcha2012@gmail.com,N/A,3-Pr. with Up.Pr. Sec. and H.Sec.,1-Department of Education,3-Co-educational,1-Rural,"GP NILAMBUR, ORALKATCHA, BARATANG",744210
True,True,ANDAMAN & NICOBAR ISLANDS,135,MIDDLE AND NORTH ANDAMANS,4503,2025-08-07T00:16:57.904076,N/A,GOVT SENIOR SECONDARY SCHOOL PAHALGAON,https://kys.udiseplus.gov.in/#/schooldetail/5300231/12,ssacrcpg@gmail.com,N/A,3-Pr. with Up.Pr. Sec. and H.Sec.,1-Department of Education,3-Co-educational,1-Rural,"PAHALGAON, TUGAPUR, MAYABUNDER, N AND M ANDAMAN, ANDAMAN AND NICOBAR ISLANDS",744204
True,True,ANDAMAN & NICOBAR ISLANDS,135,MIDDLE AND NORTH ANDAMANS,4503,2025-08-07T00:16:57.946214,N/A,GOVT SENIOR SECONDARY SCHOOL SWARAJGRAM,https://kys.udiseplus.gov.in/#/schooldetail/5300238/12,gsssswarajgram@gmail.com,N/A,3-Pr. with Up.Pr. Sec. and H.Sec.,1-Department of Education,3-Co-educational,1-Rural,Swarajgram Diglipur North Andaman,744202
True,True,ANDAMAN & NICOBAR ISLANDS,135,MIDDLE AND NORTH ANDAMANS,4503,2025-08-07T00:16:57.986847,N/A,LOYOLA ACADEMY,https://kys.udiseplus.gov.in/#/schooldetail/5300431/12,loyolaacademydpp2022@gmail.com,N/A,1-Primary,5-Private Unaided (Recognized),3-Co-educational,1-Rural,"SUBHASHGRAM, DIGLIPUR",744202
True,True,ANDAMAN & NICOBAR ISLANDS,135,MIDDLE AND NORTH ANDAMANS,4503,2025-08-07T00:16:58.031066,N/A,PM SHRI GOVT MODEL SENIOR SECONDARY SCHOOL MAYABUNDER,https://kys.udiseplus.gov.in/#/schooldetail/5300054/12,gmsssmayabunder@gmail.com,N/A,5-Up. Pr. Secondary and Higher Sec,1-Department of Education,3-Co-educational,1-Rural,POKKADERA MAYABUNDER NORTH AND MIDDLE ANDAMAN,744204
True,True,ANDAMAN & NICOBAR ISLANDS,135,MIDDLE AND NORTH ANDAMANS,4503,2025-08-07T00:16:58.072646,N/A,PM SHRI GOVT MODEL SENIOR SECONDARY SCHOOL SITA NAGAR,https://kys.udiseplus.gov.in/#/schooldetail/5300257/12,sitanagarprincipal@gmail.com,N/A,5-Up. Pr. Secondary and Higher Sec,1-Department of Education,3-Co-educational,1-Rural,GOVT SR SEC SCHOOL SITA NAGAR DIGLIPUR NORTH ANDAMAN,744202
True,True,ANDAMAN & NICOBAR ISLANDS,135,MIDDLE AND NORTH ANDAMANS,4503,2025-08-07T00:16:58.114322,N/A,PM SHRI GOVT SENIOR SECONDARY SCHOOL RANGAT,https://kys.udiseplus.gov.in/#/schooldetail/5300174/12,gsssrgt@gmail.com,N/A,5-Up. Pr. Secondary and Higher Sec,1-Department of Education,3-Co-educational,1-Rural,ANDAMAN AND NICOBAR ISLANDS,744205
True,True,ANDAMAN & NICOBAR ISLANDS,135,MIDDLE AND NORTH ANDAMANS,4503,2025-08-07T00:16:58.155718,N/A,PM SHRI GOVT SENIOR SECONDARY SCHOOL SABARI JUNCTION,https://kys.udiseplus.gov.in/#/schooldetail/5300181/12,principal.sab@gmail.com,N/A,5-Up. Pr. Secondary and Higher Sec,1-Department of Education,3-Co-educational,1-Rural,PRINCIPAL GSSS SABARI JN. RANGAT,744205
True,True,ANDAMAN & NICOBAR ISLANDS,135,MIDDLE AND NORTH ANDAMANS,4503,2025-08-07T00:16:58.198967,N/A,PM SHRI GOVT SENIOR SECONDARY SCHOOL SUBASHGRAM,https://kys.udiseplus.gov.in/#/schooldetail/5300254/12,gssssubashgram2012@gmail.com,N/A,3-Pr. with Up.Pr. Sec. and H.Sec.,1-Department of Education,3-Co-educational,1-Rural,SUBASHGRAM DIGLIPUR NORTH ANDAMAN,744202
True,True,ANDAMAN & NICOBAR ISLANDS,135,MIDDLE AND NORTH ANDAMANS,4503,2025-08-07T00:16:58.238050,N/A,PM SHRI GOVT SENIOR SECONDARY SCHOOL SWADESH NAGAR,https://kys.udiseplus.gov.in/#/schooldetail/5300152/12,gsssswadeshnagar@gmail.com,N/A,5-Up. Pr. Secondary and Higher Sec,1-Department of Education,3-Co-educational,1-Rural,Govt. Senior Secondary School SWADESH NAGAR,744201
True,True,ANDAMAN & NICOBAR ISLANDS,135,MIDDLE AND NORTH ANDAMANS,4503,2025-08-07T00:16:58.276418,N/A,SARASWATI SHISHU MANDIR SCHOOL,https://kys.udiseplus.gov.in/#/schooldetail/5300422/12,N/A,N/A,1-Primary,8-Unrecognized,3-Co-educational,1-Rural,SUBASH GRAM DIGLIPUR NORTH ANDAMAN,744202
True,True,ANDAMAN & NICOBAR ISLANDS,135,MIDDLE AND NORTH ANDAMANS,4503,2025-08-07T00:16:58.314744,N/A,SARASWATI SISHU MANDIR,https://kys.udiseplus.gov.in/#/schooldetail/5300053/12,ssvmrgt@gmail.com,N/A,2-Primary with Upper Primary,5-Private Unaided (Recognized),3-Co-educational,1-Rural,ANDAMAN AND NICOBAR ISLANDS,744205
True,True,ANDAMAN & NICOBAR ISLANDS,135,MIDDLE AND NORTH ANDAMANS,4503,2025-08-07T00:16:58.354737,N/A,SARASWATI VIDYALAYA SCHOOL,https://kys.udiseplus.gov.in/#/schooldetail/5300155/12,saraswatividyalaya2009@gmail.com,N/A,1-Primary,5-Private Unaided (Recognized),3-Co-educational,1-Rural,BILLIGROUND PO PANCHAYAT HARINAGAR MIDDLE ANDAMAN,744201
True,True,ANDAMAN & NICOBAR ISLANDS,135,MIDDLE AND NORTH ANDAMANS,4503,2025-08-07T00:16:58.420962,N/A,SHALEM PUBLIC SCHOOL,https://kys.udiseplus.gov.in/#/schooldetail/5300068/12,shalemps@gmail.com,N/A,2-Primary with Upper Primary,5-Private Unaided (Recognized),3-Co-educational,1-Rural,"RAMAKRISHNAGRAM, DIGLIPUR, NORTH AND MIDDLE ANDAMAN",744202
True,True,ANDAMAN & NICOBAR ISLANDS,135,MIDDLE AND NORTH ANDAMANS,4503,2025-08-07T00:16:58.464785,N/A,ST. ANNE'S,https://kys.udiseplus.gov.in/#/schooldetail/5300423/12,st.annesschool015@gmail.com,N/A,2-Primary with Upper Primary,5-Private Unaided (Recognized),3-Co-educational,1-Rural,"GP SUNDERGARH, BARATANG",744210
True,True,ANDAMAN & NICOBAR ISLANDS,135,MIDDLE AND NORTH ANDAMANS,4503,2025-08-07T00:16:58.506708,N/A,ST. MARY MIDDLE SCHOOL,https://kys.udiseplus.gov.in/#/schooldetail/5300258/12,smsdiglipur@gmail.com,N/A,2-Primary with Upper Primary,5-Private Unaided (Recognized),3-Co-educational,1-Rural,SITA NAGAR DIGLIPUR NORTH ANDAMAN,744202
True,True,ANDAMAN & NICOBAR ISLANDS,135,MIDDLE AND NORTH ANDAMANS,4503,2025-08-07T00:16:58.549182,N/A,ST. MARY SCHOOL,https://kys.udiseplus.gov.in/#/schooldetail/5300217/12,smsmayabunder@gmail.com,N/A,2-Primary with Upper Primary,5-Private Unaided (Recognized),3-Co-educational,1-Rural,"ST.MARY SCHOOL, MAYABUNDER",744204
True,True,ANDAMAN & NICOBAR ISLANDS,135,MIDDLE AND NORTH ANDAMANS,4503,2025-08-07T00:16:58.589618,N/A,ST. MARY'S SCHOOL,https://kys.udiseplus.gov.in/#/schooldetail/5300158/12,smsbetapur@gmail.com,N/A,1-Primary,5-Private Unaided (Recognized),3-Co-educational,1-Rural,Andaman and Nicobar Islands,744201
True,True,ANDAMAN & NICOBAR ISLANDS,135,MIDDLE AND NORTH ANDAMANS,4503,2025-08-07T00:16:58.631086,N/A,"ST. MARY'S SCHOOL,RANGAT",https://kys.udiseplus.gov.in/#/schooldetail/5300178/12,smsrangat@gmail.com,N/A,2-Primary with Upper Primary,5-Private Unaided (Recognized),3-Co-educational,1-Rural,ST.MARYS SCHOOL RANGAT MIDDLE ANDAMAN,744205
True,True,ANDAMAN & NICOBAR ISLANDS,135,MIDDLE AND NORTH ANDAMANS,4503,2025-08-07T00:16:58.671233,N/A,ST. XAVIER,https://kys.udiseplus.gov.in/#/schooldetail/5300211/12,stxavierschool1973@gmail.com,N/A,2-Primary with Upper Primary,5-Private Unaided (Recognized),3-Co-educational,1-Rural,ST. XAVIER SCHOOL MAYABUNDER,744204
True,True,ANDAMAN & NICOBAR ISLANDS,135,MIDDLE AND NORTH ANDAMANS,4503,2025-08-07T00:16:58.712203,N/A,"ST. XAVIER SCHOOL, RANGAT",https://kys.udiseplus.gov.in/#/schooldetail/5300424/12,stxavierschool2017@gmail.com,N/A,2-Primary with Upper Primary,5-Private Unaided (Recognized),3-Co-educational,1-Rural,ANDAMAN AND NICOBAR ISLANDS,744205
True,True,ANDAMAN & NICOBAR ISLANDS,135,MIDDLE AND NORTH ANDAMANS,4503,2025-08-07T00:16:58.751058,N/A,SWAMY DAYANAND SARASWATI VIDYALAYA,https://kys.udiseplus.gov.in/#/schooldetail/5300289/12,sdsvkg@gmail.com,N/A,2-Primary with Upper Primary,5-Private Unaided (Recognized),3-Co-educational,1-Rural,KALIGHAT DIGLIPUR NORTH ANDAMAN,744202
True,True,ANDAMAN & NICOBAR ISLANDS,135,MIDDLE AND NORTH ANDAMANS,4503,2025-08-07T00:16:58.795189,N/A,VIVEKANANDA KENDRA VIDHYALAYA  ZILLA  PARISHAD,https://kys.udiseplus.gov.in/#/schooldetail/5300138/12,vkvzpvbasantipur03@gmail.com,N/A,6-Pr. Up Pr. and Secondary Only,3-Local Body,3-Co-educational,1-Rural,BASANTIPUR PO NIMBUDERA,744201
True,True,ANDAMAN & NICOBAR ISLANDS,135,MIDDLE AND NORTH ANDAMANS,4503,2025-08-07T00:16:58.834059,N/A,VIVEKANANDA KENDRA VIDHYALAYA ZILLA PARISHAD VIDYALA(KADAMTALA),https://kys.udiseplus.gov.in/#/schooldetail/5300191/12,vkvkadamtala@vkendra.org,N/A,6-Pr. Up Pr. and Secondary Only,3-Local Body,3-Co-educational,1-Rural,POST KADAMTALA PIN 744209,744209
True,True,ANDAMAN & NICOBAR ISLANDS,135,MIDDLE AND NORTH ANDAMANS,4503,2025-08-07T00:16:58.876731,N/A,VIVEKANANDA KENDRA ZILLA PARISHAD VIDYALAYA,https://kys.udiseplus.gov.in/#/schooldetail/5300262/12,vkzpvdp@gmail.com,N/A,3-Pr. with Up.Pr. Sec. and H.Sec.,3-Local Body,3-Co-educational,1-Rural,"Diglipur, North Andaman",744202
True,True,ANDAMAN & NICOBAR ISLANDS,135,MIDDLE AND NORTH ANDAMANS,4503,2025-08-07T00:16:58.916977,N/A,VIVEKANANDA KENDRA  ZILLA PARISHAD VIDYALAYA PAHALGAON,https://kys.udiseplus.gov.in/#/schooldetail/5300059/12,vkzpvpahalgaon@gmail.com,N/A,6-Pr. Up Pr. and Secondary Only,3-Local Body,3-Co-educational,1-Rural,V K Z P V Pahalgaon PO Mayabunder Pin No 744204,744204
True,True,ANDAMAN & NICOBAR ISLANDS,135,MIDDLE AND NORTH ANDAMANS,4503,2025-08-07T00:16:58.957934,N/A,VKV RANGAT,https://kys.udiseplus.gov.in/#/schooldetail/5300171/12,vkvrangat@vkendra.org,N/A,6-Pr. Up Pr. and Secondary Only,5-Private Unaided (Recognized),3-Co-educational,1-Rural,VKV RANGAT N AND M ANDAMAN,744205
True,True,ANDAMAN & NICOBAR ISLANDS,135,MIDDLE AND NORTH ANDAMANS,4503,2025-08-07T00:16:59.024920,N/A,YESHUA CONVENT MIDDLE SCHOOL,https://kys.udiseplus.gov.in/#/schooldetail/5300066/12,N/A,N/A,2-Primary with Upper Primary,5-Private Unaided (Recognized),3-Co-educational,9-NA,NA,744202
True,True,ANDAMAN & NICOBAR ISLANDS,135,MIDDLE AND NORTH ANDAMANS,4503,2025-08-07T00:16:59.064851,N/A,YESUVA CONVENT,https://kys.udiseplus.gov.in/#/schooldetail/5300175/12,N/A,N/A,2-Primary with Upper Primary,5-Private Unaided (Recognized),3-Co-educational,9-NA,NA,744205
True,True,ANDAMAN & NICOBAR ISLANDS,135,NICOBARS,4502,2025-08-07T00:17:33.420861,N/A,COAST GUARD PUBLIC SCHOOL,https://kys.udiseplus.gov.in/#/schooldetail/5300128/12,cgpscbay@gmail.com,N/A,6-Pr. Up Pr. and Secondary Only,5-Private Unaided (Recognized),3-Co-educational,1-Rural,coast guard public school campbell bay,744302
True,True,ANDAMAN & NICOBAR ISLANDS,135,NICOBARS,4502,2025-08-07T00:17:33.487048,N/A,GOVT MIDDLE SCHOOL EAST BAY KATCHAL,https://kys.udiseplus.gov.in/#/schooldetail/5300041/12,gmseastbay@gmail.com,N/A,2-Primary with Upper Primary,1-Department of Education,3-Co-educational,1-Rural,"EAST BAY KATCHAL, DISTRICT -NICOBAR",744304
True,True,ANDAMAN & NICOBAR ISLANDS,135,NICOBARS,4502,2025-08-07T00:17:33.532053,N/A,GOVT MIDDLE SCHOOL GOVIND NAGAR,https://kys.udiseplus.gov.in/#/schooldetail/5300125/12,govindnagargms@gmail.com,N/A,2-Primary with Upper Primary,1-Department of Education,3-Co-educational,1-Rural,"GMS GOVIND NAGAR, CAMPBELL BAY",744302
True,True,ANDAMAN & NICOBAR ISLANDS,135,NICOBARS,4502,2025-08-07T00:17:33.573106,N/A,GOVT MIDDLE SCHOOL KAKANA,https://kys.udiseplus.gov.in/#/schooldetail/5300025/12,kakanagms@gmail.com,N/A,2-Primary with Upper Primary,1-Department of Education,3-Co-educational,1-Rural,kakana Nancowrie 744303,744303
True,True,ANDAMAN & NICOBAR ISLANDS,135,NICOBARS,4502,2025-08-07T00:17:33.614917,N/A,GOVT MIDDLE SCHOOL KINMAI,https://kys.udiseplus.gov.in/#/schooldetail/5300008/12,gmskinmai2020@gmail.com,N/A,2-Primary with Upper Primary,1-Department of Education,3-Co-educational,1-Rural,"KINMAI VILLAGE, CAR NICOBAR",744301
True,True,ANDAMAN & NICOBAR ISLANDS,135,NICOBARS,4502,2025-08-07T00:17:33.655444,N/A,GOVT MIDDLE SCHOOL MINYUK,https://kys.udiseplus.gov.in/#/schooldetail/5300035/12,gmsminyuk@gmail.com,N/A,2-Primary with Upper Primary,1-Department of Education,3-Co-educational,1-Rural,Minyuk Teressa 744303,744303
True,True,ANDAMAN & NICOBAR ISLANDS,135,NICOBARS,4502,2025-08-07T00:17:33.696862,N/A,GOVT MIDDLE SCHOOL PILPILLOW,https://kys.udiseplus.gov.in/#/schooldetail/5300027/12,gmspilpillownc@gmail.com,N/A,2-Primary with Upper Primary,1-Department of Education,3-Co-educational,1-Rural,Pilpillow Nancowrie 744103,744303
True,True,ANDAMAN & NICOBAR ISLANDS,135,NICOBARS,4502,2025-08-07T00:17:33.738042,N/A,GOVT MIDDLE SCHOOL TAPOIMING,https://kys.udiseplus.gov.in/#/schooldetail/5300010/12,gmstapoiming.cn@gmail.com,N/A,2-Primary with Upper Primary,1-Department of Education,3-Co-educational,1-Rural,"GMS TAPOIMING, CAR NICOBAR",744301
True,True,ANDAMAN & NICOBAR ISLANDS,135,NICOBARS,4502,2025-08-07T00:17:33.778167,N/A,GOVT MIDDLE SCHOOL VIKAS NAGAR,https://kys.udiseplus.gov.in/#/schooldetail/5300026/12,vikasnagargms@gmail.com,N/A,2-Primary with Upper Primary,1-Department of Education,3-Co-educational,1-Rural,VIKAS NAGAR NANCOWRIE 744303,744303
True,True,ANDAMAN & NICOBAR ISLANDS,135,NICOBARS,4502,2025-08-07T00:17:33.817011,N/A,GOVT MODEL SECONDARY SCHOOL  KAMORTA,https://kys.udiseplus.gov.in/#/schooldetail/5300022/12,gmsskamorta@gmail.com,N/A,6-Pr. Up Pr. and Secondary Only,1-Department of Education,3-Co-educational,1-Rural,kamorta Nancowrie 744303,744303
True,True,ANDAMAN & NICOBAR ISLANDS,135,NICOBARS,4502,2025-08-07T00:17:33.855176,N/A,GOVT MODEL SENIOR SECONDARY SCHOOL GOAL TEKRY,https://kys.udiseplus.gov.in/#/schooldetail/5300023/12,gmsssgoaltekry@gmail.com,N/A,5-Up. Pr. Secondary and Higher Sec,1-Department of Education,3-Co-educational,1-Rural,kamorta Nancowrie 744303,744303
True,True,ANDAMAN & NICOBAR ISLANDS,135,NICOBARS,4502,2025-08-07T00:17:33.894306,N/A,GOVT PRIMARY SCHOOL  AFRA BAY,https://kys.udiseplus.gov.in/#/schooldetail/5300362/12,gpsafrabay@gmail.com,N/A,1-Primary,1-Department of Education,3-Co-educational,1-Rural,"AFRA BAY, GREAT NICOBAR",744302
True,True,ANDAMAN & NICOBAR ISLANDS,135,NICOBARS,4502,2025-08-07T00:17:33.933304,N/A,GOVT PRIMARY SCHOOL ALLOORONG,https://kys.udiseplus.gov.in/#/schooldetail/5300037/12,gpsallurong1401@gmail.com,N/A,1-Primary,1-Department of Education,3-Co-educational,1-Rural,VILLAGE ALURONG TERESSA 744303,744303
True,True,ANDAMAN & NICOBAR ISLANDS,135,NICOBARS,4502,2025-08-07T00:17:33.975132,N/A,GOVT PRIMARY SCHOOL BADA ENAKA,https://kys.udiseplus.gov.in/#/schooldetail/5300303/12,badaenakagps@gmail.com,N/A,1-Primary,1-Department of Education,3-Co-educational,1-Rural,BADA ENAKA NANCOWRIE 744303,744303
True,True,ANDAMAN & NICOBAR ISLANDS,135,NICOBARS,4502,2025-08-07T00:17:34.021268,N/A,GOVT PRIMARY SCHOOL BEACH DERA,https://kys.udiseplus.gov.in/#/schooldetail/5300042/12,gpsbdkatchal@gmail.com,N/A,1-Primary,1-Department of Education,3-Co-educational,1-Rural,"BEACHDERA, KATCHAL NICOBAR DISTRICT ANDAMAN AND NICOBAR ISLANDS",744304
True,True,ANDAMAN & NICOBAR ISLANDS,135,NICOBARS,4502,2025-08-07T00:17:34.085020,N/A,GOVT PRIMARY SCHOOL CAMPBELL BAY,https://kys.udiseplus.gov.in/#/schooldetail/5300130/12,gpscampbellbay@gmail.com,N/A,1-Primary,1-Department of Education,3-Co-educational,1-Rural,GOVT. PRIMARY SCHOOL CAMPBELL BAY,744302
True,True,ANDAMAN & NICOBAR ISLANDS,135,NICOBARS,4502,2025-08-07T00:17:34.133391,N/A,GOVT PRIMARY SCHOOL  CAMPBELL BAY JETTY,https://kys.udiseplus.gov.in/#/schooldetail/5300127/12,gpsjetty6@gmail.com,N/A,1-Primary,1-Department of Education,3-Co-educational,1-Rural,"KAMAL BASTI , CAMPBELL BAY",744302
True,True,ANDAMAN & NICOBAR ISLANDS,135,NICOBARS,4502,2025-08-07T00:17:34.174513,N/A,GOVT PRIMARY SCHOOL CHANGHUA,https://kys.udiseplus.gov.in/#/schooldetail/5300032/12,gpschanghua@gmail.com,N/A,1-Primary,1-Department of Education,3-Co-educational,1-Rural,"CHANGHUA, NANCOWRIE,744303",744303
True,True,ANDAMAN & NICOBAR ISLANDS,135,NICOBARS,4502,2025-08-07T00:17:34.215219,N/A,GOVT PRIMARY SCHOOL CHINGAN,https://kys.udiseplus.gov.in/#/schooldetail/5300129/12,gpschingan04@gmail.com,N/A,1-Primary,1-Department of Education,3-Co-educational,1-Rural,"GPS CHINGAN, CHINGAN VILLAGE",744302
True,True,ANDAMAN & NICOBAR ISLANDS,135,NICOBARS,4502,2025-08-07T00:17:34.255062,N/A,GOVT PRIMARY SCHOOL CHOTA  ENAKA,https://kys.udiseplus.gov.in/#/schooldetail/5300028/12,chotaenakagps@gmail.com,N/A,1-Primary,1-Department of Education,3-Co-educational,1-Rural,chota enaka Nancowrie 744303,744303
True,True,ANDAMAN & NICOBAR ISLANDS,135,NICOBARS,4502,2025-08-07T00:17:34.296219,N/A,GOVT PRIMARY SCHOOL CHUKMACHI,https://kys.udiseplus.gov.in/#/schooldetail/5300036/12,gpschukmachi1301@gmail.com,N/A,1-Primary,1-Department of Education,3-Co-educational,1-Rural,"Chukmachi Village,Teressa Island, Nancowrie",744303
True,True,ANDAMAN & NICOBAR ISLANDS,135,NICOBARS,4502,2025-08-07T00:17:34.337059,N/A,GOVT PRIMARY SCHOOL DERING,https://kys.udiseplus.gov.in/#/schooldetail/5300029/12,gpsdrng@gmail.com,N/A,1-Primary,1-Department of Education,3-Co-educational,1-Rural,DARING KAMOTA NANCORIE 744303,744303
True,True,ANDAMAN & NICOBAR ISLANDS,135,NICOBARS,4502,2025-08-07T00:17:34.377974,N/A,GOVT PRIMARY SCHOOL EAST WALL,https://kys.udiseplus.gov.in/#/schooldetail/5300045/12,gpsewall301@gmail.com,N/A,1-Primary,1-Department of Education,3-Co-educational,1-Rural,"E WALL, KATCHAL, NICOBAR DISTRICT, ANDAMAN AND NICOBAR ISLANDS",744304
True,True,ANDAMAN & NICOBAR ISLANDS,135,NICOBARS,4502,2025-08-07T00:17:34.416768,N/A,GOVT PRIMARY SCHOOL ENAM,https://kys.udiseplus.gov.in/#/schooldetail/5300039/12,gpsenamteressa@gmail.com,N/A,1-Primary,1-Department of Education,3-Co-educational,1-Rural,"Teressa , Nancowrie 744303",744303
True,True,ANDAMAN & NICOBAR ISLANDS,135,NICOBARS,4502,2025-08-07T00:17:34.459611,N/A,GOVT PRIMARY SCHOOL HEADQUARTER (MODEL),https://kys.udiseplus.gov.in/#/schooldetail/5300011/12,gmps.headquarter.perka@gmail.com,N/A,1-Primary,1-Department of Education,3-Co-educational,1-Rural,"GMPS,HEADQUARTER ,MALACCA VILLAGE, CARNICOBAR",744301
True,True,ANDAMAN & NICOBAR ISLANDS,135,NICOBARS,4502,2025-08-07T00:17:34.499062,N/A,GOVT PRIMARY SCHOOL HITUI,https://kys.udiseplus.gov.in/#/schooldetail/5300030/12,N/A,N/A,1-Primary,1-Department of Education,3-Co-educational,1-Rural,GPS HITUI NANCOWRY 744303,744303
True,True,ANDAMAN & NICOBAR ISLANDS,135,NICOBARS,4502,2025-08-07T00:17:34.537609,N/A,GOVT PRIMARY SCHOOL JAPAN TEKRI,https://kys.udiseplus.gov.in/#/schooldetail/5300043/12,gpsjapantikrey@gmail.com,N/A,1-Primary,1-Department of Education,3-Co-educational,1-Rural,"GPS JAPAN TIKREY, KATCHAL DISTRICT-NICOBAR",744304
True,True,ANDAMAN & NICOBAR ISLANDS,135,NICOBARS,4502,2025-08-07T00:17:34.577698,N/A,GOVT PRIMARY SCHOOL JAYANTHI,https://kys.udiseplus.gov.in/#/schooldetail/5300012/12,gpsjayanthi.cn@gmail.com,N/A,1-Primary,1-Department of Education,3-Co-educational,1-Rural,BIG LAPATHY VILLAGE CAR NICOBAR,744301
True,True,ANDAMAN & NICOBAR ISLANDS,135,NICOBARS,4502,2025-08-07T00:17:34.646663,N/A,GOVT PRIMARY SCHOOL KALASI,https://kys.udiseplus.gov.in/#/schooldetail/5300038/12,gpskalsi1461@gmail.com,N/A,1-Primary,1-Department of Education,3-Co-educational,1-Rural,village khalasi islands teressa,744303
True,True,ANDAMAN & NICOBAR ISLANDS,135,NICOBARS,4502,2025-08-07T00:17:34.689164,N/A,GOVT PRIMARY SCHOOL KIMIOUS,https://kys.udiseplus.gov.in/#/schooldetail/5300014/12,gpskimious.cn@gmail.com,N/A,1-Primary,1-Department of Education,3-Co-educational,1-Rural,"Kimious Village, Car Nicobar",744301
True,True,ANDAMAN & NICOBAR ISLANDS,135,NICOBARS,4502,2025-08-07T00:17:34.729562,N/A,GOVT PRIMARY SCHOOL KINYUKA,https://kys.udiseplus.gov.in/#/schooldetail/5300013/12,gpskinyuka.cn@gmail.com,N/A,1-Primary,1-Department of Education,3-Co-educational,1-Rural,"KINYUKA VILLAGE, CAR NICOBAR",744301
True,True,ANDAMAN & NICOBAR ISLANDS,135,NICOBARS,4502,2025-08-07T00:17:34.770100,N/A,GOVT PRIMARY SCHOOL LAXMI NAGAR,https://kys.udiseplus.gov.in/#/schooldetail/5300134/12,gpsln703@gmail.com,N/A,1-Primary,1-Department of Education,3-Co-educational,1-Rural,"GPS LAXMI NAGAR, VILLAGE LAXMI NAGAR",744302
True,True,ANDAMAN & NICOBAR ISLANDS,135,NICOBARS,4502,2025-08-07T00:17:34.811844,N/A,GOVT PRIMARY SCHOOL MACCACHUA,https://kys.udiseplus.gov.in/#/schooldetail/5300361/12,gpsmaccachua2019@gmail.com,N/A,1-Primary,1-Department of Education,3-Co-educational,1-Rural,"GPS MACCACHUA, LITTLE NICOBAR",744302
True,True,ANDAMAN & NICOBAR ISLANDS,135,NICOBARS,4502,2025-08-07T00:17:34.852569,N/A,GOVT PRIMARY SCHOOL MEENAKSHI RAM NAGAR,https://kys.udiseplus.gov.in/#/schooldetail/5300044/12,gpsmrn201@gmail.com,N/A,1-Primary,1-Department of Education,3-Co-educational,1-Rural,"MEENAKSHI RAM NAGAR, KATCHAL, NICOBAR DISTRICT, ANDAMAN AND NICOBAR ISLANDS.",744304
True,True,ANDAMAN & NICOBAR ISLANDS,135,NICOBARS,4502,2025-08-07T00:17:34.894003,N/A,GOVT PRIMARY SCHOOL MUNAK,https://kys.udiseplus.gov.in/#/schooldetail/5300031/12,gpsmunak@gmail.com,N/A,1-Primary,1-Department of Education,3-Co-educational,1-Rural,"GPS MUNAK, C/o GMSSS GOAL TEAKERY, 744303",744303
True,True,ANDAMAN & NICOBAR ISLANDS,135,NICOBARS,4502,2025-08-07T00:17:34.935795,N/A,GOVT PRIMARY SCHOOL PILLOLOW,https://kys.udiseplus.gov.in/#/schooldetail/5300360/12,gpspillolow2019@gmail.com,N/A,1-Primary,1-Department of Education,3-Co-educational,1-Rural,"GOVT PRIMARY SCHOOL, PILLOLOW, LITTLE NICOBAR CAMPBELL BAY",744302
True,True,ANDAMAN & NICOBAR ISLANDS,135,NICOBARS,4502,2025-08-07T00:17:34.977401,N/A,GOVT PRIMARY SCHOOL PULOPANJA,https://kys.udiseplus.gov.in/#/schooldetail/5300131/12,Gpspulopanja2019@gmail.com,N/A,1-Primary,1-Department of Education,3-Co-educational,1-Rural,"GPS PULOPANJA, LITTLE NICOBAR",744302
True,True,ANDAMAN & NICOBAR ISLANDS,135,NICOBARS,4502,2025-08-07T00:17:35.017462,N/A,GOVT PRIMARY SCHOOL RAJIV NAGAR II,https://kys.udiseplus.gov.in/#/schooldetail/5300052/12,gpsrajivnagarcbay@gmail.com,N/A,1-Primary,1-Department of Education,3-Co-educational,1-Rural,"RAJIV NAGAR II,CAMPBELL BAY,744302",744302
True,True,ANDAMAN & NICOBAR ISLANDS,135,NICOBARS,4502,2025-08-07T00:17:35.063895,N/A,GOVT PRIMARY SCHOOL SHASTRI NAGAR,https://kys.udiseplus.gov.in/#/schooldetail/5300133/12,gpsshastrinagar2019@gmail.com,N/A,1-Primary,1-Department of Education,3-Co-educational,1-Rural,"34km, Shastri Nagar Campbell Bay, Great Nicobar.",744302
True,True,ANDAMAN & NICOBAR ISLANDS,135,NICOBARS,4502,2025-08-07T00:17:35.103242,N/A,GOVT PRIMARY SCHOOL TEE TOP,https://kys.udiseplus.gov.in/#/schooldetail/5300015/12,teetopgps.cn@gmail.com,N/A,1-Primary,1-Department of Education,3-Co-educational,1-Rural,"TEETOP VILLAGE, CAR NICOBAR",744301
True,True,ANDAMAN & NICOBAR ISLANDS,135,NICOBARS,4502,2025-08-07T00:17:35.142276,N/A,GOVT SECONDARY SCHOOL  ARONG,https://kys.udiseplus.gov.in/#/schooldetail/5300016/12,aronggss@gmail.com,N/A,6-Pr. Up Pr. and Secondary Only,1-Department of Education,3-Co-educational,1-Rural,"GSS ARONG, CAR NICOBAR,744301",744301
True,True,ANDAMAN & NICOBAR ISLANDS,135,NICOBARS,4502,2025-08-07T00:17:35.209123,N/A,GOVT SECONDARY SCHOOL GANDHI NAGAR,https://kys.udiseplus.gov.in/#/schooldetail/5300124/12,gssgandhinagar@gmail.com,N/A,6-Pr. Up Pr. and Secondary Only,1-Department of Education,3-Co-educational,1-Rural,"GANDHI NAGAR, GREAT NICOBAR, ANDAMAN AND NICOBAR ISLANDS",744302
True,True,ANDAMAN & NICOBAR ISLANDS,135,NICOBARS,4502,2025-08-07T00:17:35.253947,N/A,GOVT SECONDARY SCHOOL KAKANA,https://kys.udiseplus.gov.in/#/schooldetail/5300017/12,kakanaprincipal@gmail.com,N/A,6-Pr. Up Pr. and Secondary Only,1-Department of Education,3-Co-educational,1-Rural,"KAKANA VILLAGE, CAR NICOBAR",744301
True,True,ANDAMAN & NICOBAR ISLANDS,135,NICOBARS,4502,2025-08-07T00:17:35.293911,N/A,GOVT SECONDARY SCHOOL KUITASHUK,https://kys.udiseplus.gov.in/#/schooldetail/5300040/12,gsskuitasukhchowra@gmail.com,N/A,6-Pr. Up Pr. and Secondary Only,1-Department of Education,3-Co-educational,1-Rural,chowra kuitasuk 744303,744303
True,True,ANDAMAN & NICOBAR ISLANDS,135,NICOBARS,4502,2025-08-07T00:17:35.334614,N/A,GOVT SECONDARY SCHOOL MILDERA,https://kys.udiseplus.gov.in/#/schooldetail/5300048/12,58076@cbseshiksha.in,N/A,6-Pr. Up Pr. and Secondary Only,1-Department of Education,3-Co-educational,1-Rural,"MILDERA, KATCHAL, NICOBAR DISTRICT, A AND NICOBAR ISLANDS",744304
True,True,ANDAMAN & NICOBAR ISLANDS,135,NICOBARS,4502,2025-08-07T00:17:35.376510,N/A,GOVT SECONDARY SCHOOL TAMALOO,https://kys.udiseplus.gov.in/#/schooldetail/5300009/12,gss.tamaloo@gmail.com,N/A,6-Pr. Up Pr. and Secondary Only,1-Department of Education,3-Co-educational,1-Rural,Tamaloo Village Car Nicobar,744301
True,True,ANDAMAN & NICOBAR ISLANDS,135,NICOBARS,4502,2025-08-07T00:17:35.417824,N/A,GOVT SENIOR SECONDARY SCHOOL BENGALI,https://kys.udiseplus.gov.in/#/schooldetail/5300034/12,gssbengali.teressa@gmail.com,N/A,3-Pr. with Up.Pr. Sec. and H.Sec.,1-Department of Education,3-Co-educational,1-Rural,"Bengali Village, Tereassa",744303
True,True,ANDAMAN & NICOBAR ISLANDS,135,NICOBARS,4502,2025-08-07T00:17:35.457809,N/A,GOVT SENIOR SECONDARY SCHOOL CHAMPIN,https://kys.udiseplus.gov.in/#/schooldetail/5300046/12,gsss.champin@gmail.com,N/A,3-Pr. with Up.Pr. Sec. and H.Sec.,1-Department of Education,3-Co-educational,1-Rural,CHAMPIN NANCOWRIE PIN 744303,744303
True,True,ANDAMAN & NICOBAR ISLANDS,135,NICOBARS,4502,2025-08-07T00:17:35.499777,N/A,GOVT SENIOR SECONDARY SCHOOL  KAPANGA,https://kys.udiseplus.gov.in/#/schooldetail/5300047/12,gssskapanga7447@gmail.com,N/A,5-Up. Pr. Secondary and Higher Sec,1-Department of Education,3-Co-educational,1-Rural,"KAPANGA, KATCHAL, NICOBAR DISTRICT, ANDAMAN AND NICOBAR ISLANDS",744304
True,True,ANDAMAN & NICOBAR ISLANDS,135,NICOBARS,4502,2025-08-07T00:17:35.540673,N/A,GOVT SENIOR SECONDARY SCHOOL LAPATHY,https://kys.udiseplus.gov.in/#/schooldetail/5300019/12,gssslapathy@gmail.com,N/A,5-Up. Pr. Secondary and Higher Sec,1-Department of Education,3-Co-educational,1-Rural,"GSSS LAPATHY, BIG LAPATHY VILLAGE, CAR NICOBAR",744301
True,True,ANDAMAN & NICOBAR ISLANDS,135,NICOBARS,4502,2025-08-07T00:17:35.581251,N/A,GOVT SENIOR SECONDARY SCHOOL MALACCA,https://kys.udiseplus.gov.in/#/schooldetail/5300020/12,principalmalacca@gmail.com,N/A,5-Up. Pr. Secondary and Higher Sec,1-Department of Education,3-Co-educational,1-Rural,"MALACCA VILLAGE, CAR NICOBAR",744301
True,True,ANDAMAN & NICOBAR ISLANDS,135,NICOBARS,4502,2025-08-07T00:17:35.622081,N/A,GOVT SENIOR SECONDARY SCHOOL SAWAI,https://kys.udiseplus.gov.in/#/schooldetail/5300021/12,gssssawai7443@gmail.com,N/A,3-Pr. with Up.Pr. Sec. and H.Sec.,1-Department of Education,3-Co-educational,1-Rural,"GSSS SAWAI, SAWAI VILLAGE, CAR NICOBAR, NICOBAR DISTRICTIST",744301
True,True,ANDAMAN & NICOBAR ISLANDS,135,NICOBARS,4502,2025-08-07T00:17:35.661257,N/A,GOVT SENIOR SECONDARY SCHOOL VIJAY NAGAR,https://kys.udiseplus.gov.in/#/schooldetail/5300132/12,gsssvijaynagar@gmail.com,N/A,3-Pr. with Up.Pr. Sec. and H.Sec.,1-Department of Education,3-Co-educational,1-Rural,"GSSS VIJAY NAGAR, PO SHABNAM NAGAR, GREAT NICOBAR",744302
True,True,ANDAMAN & NICOBAR ISLANDS,135,NICOBARS,4502,2025-08-07T00:17:35.701061,N/A,NAVAL PRIMARY SCHOOL,https://kys.udiseplus.gov.in/#/schooldetail/5300024/12,navalprimaryschool1973@gmail.com,N/A,1-Primary,5-Private Unaided (Recognized),3-Co-educational,1-Rural,Naval Public School INS Kardip Kamorta 744303,744303
True,True,ANDAMAN & NICOBAR ISLANDS,135,NICOBARS,4502,2025-08-07T00:17:35.767550,N/A,PM SHRI GOVT PRIMARY SCHOOL TAPONG,https://kys.udiseplus.gov.in/#/schooldetail/5300033/12,taponggps@gmail.com,N/A,1-Primary,1-Department of Education,3-Co-educational,1-Rural,GPS Tapong champin 744303,744303
True,True,ANDAMAN & NICOBAR ISLANDS,135,NICOBARS,4502,2025-08-07T00:17:35.809176,N/A,PM SHRI GOVT SECONDARY SCHOOL MUS,https://kys.udiseplus.gov.in/#/schooldetail/5300018/12,gssmus123@gmail.com,N/A,6-Pr. Up Pr. and Secondary Only,1-Department of Education,3-Co-educational,1-Rural,Mus Village Car Nicobar,744301
True,True,ANDAMAN & NICOBAR ISLANDS,135,NICOBARS,4502,2025-08-07T00:17:35.849533,N/A,PM SHRI GOVT SENIOR SECONDARY SCHOOL CAMPBELL BAY,https://kys.udiseplus.gov.in/#/schooldetail/5300126/12,gssscbay@gmail.com,N/A,5-Up. Pr. Secondary and Higher Sec,1-Department of Education,3-Co-educational,1-Rural,"GOVT SR SEC SCHOOL CAMPBELL BAY, GREAT NICOBAR",744302
False,False,ANDAMAN & NICOBAR ISLANDS,135,ANDAMANS,4501,2025-08-07T00:15:15.450697,N/A,N/A,N/A,N/A,N/A,N/A,N/A,N/A,N/A,N/A,N/A
False,False,ANDAMAN & NICOBAR ISLANDS,135,MIDDLE AND NORTH ANDAMANS,4503,2025-08-07T00:16:17.323815,N/A,N/A,N/A,N/A,N/A,N/A,N/A,N/A,N/A,N/A,N/A
False,False,ANDAMAN & NICOBAR ISLANDS,135,MIDDLE AND NORTH ANDAMANS,4503,2025-08-07T00:16:55.279805,N/A,N/A,N/A,N/A,N/A,N/A,N/A,N/A,N/A,N/A,N/A
False,False,ANDAMAN & NICOBAR ISLANDS,135,NICOBARS,4502,2025-08-07T00:17:33.391979,N/A,N/A,N/A,N/A,N/A,N/A,N/A,N/A,N/A,N/A,N/A
